station	is_core	profile_id	wc	vp	logFC	logCPM	PValue	FDR	logfc	module	function	profile_ga_score	profile_irve_score	plot_color	function_based_on	hhsearch_pfam_name	hhsearch_pfam_acc	profile_id_irve-v6-r1	profile_id_pici-v5	notes	is_signif
S2C11	FALSE	hel_IRVE-D5	24	21	3.325376999	10.70586328	0.01401086495	0.1008782276	-0.1926450779	Replication	Helicase	22.2	2	#823692	Homology & Context	D5, PPV_E1, VirE	NA	hel-vir	pri-4-pro	Helicase Superfamily 3 (https://en.wikipedia.org/wiki/Helicase, Kazlauskas D, Krupovic M, Venclovas Č. The logic of DNA replication in double-stranded DNA viruses: insights from global analysis of viral genomes. Nucleic Acids Res. 2016;44: 4551–4564. doi:10.1093/nar/gkw322)	FALSE
S2C11	FALSE	hel_IRVE-DnaB	11	19	4.290561406	8.823988199	0.004980357045	0.04781142763	0.7884958948	Replication	Helicase	22.1	2	#823692	Homology & Context	Rad51, AAA+, DnaB, RecA	NA	hel-Rad51	pri-2-pro	Helicase Superfamily 4 (https://en.wikipedia.org/wiki/Helicase, Kazlauskas D, Krupovic M, Venclovas Č. The logic of DNA replication in double-stranded DNA viruses: insights from global analysis of viral genomes. Nucleic Acids Res. 2016;44: 4551–4564. doi:10.1093/nar/gkw322)	TRUE
S2C11	FALSE	hel_IRVE-VirE	63	281	5.682409168	14.12326829	7.78E-05	0.002240772548	2.157146397	Replication	Helicase	34.2	2	#823692	Homology & Context	VirE, RNA_helicase, PPV_E1_C	NA	hel-VirE	pri-1-pro	Helicase Superfamily 3 (https://en.wikipedia.org/wiki/Helicase, Kazlauskas D, Krupovic M, Venclovas Č. The logic of DNA replication in double-stranded DNA viruses: insights from global analysis of viral genomes. Nucleic Acids Res. 2016;44: 4551–4564. doi:10.1093/nar/gkw322)	TRUE
S2C11	FALSE	lig_IRVE-NAD	213	34	0.8824602468	12.44112536	0.4658728778	0.798639219	-2.647246779	Replication	Ligase	98.1	2	#ae9cc7	Homology & Context	DNA_ligase_aden	NA	NA	lig-1-pro	NA	FALSE
S2C11	FALSE	LSR_IRVE	26	7	1.62872231	8.113205374	0.2561321016	0.5269003233	-1.893084796	Integration	Large Serine Recombinase	511.1	2	#ff8d1a	Homology & Context & Catalytic Site	NA	NA	IntS_IRVE-S3	NA	Long, full-length Serine Resolvase/Recombinase	FALSE
S2C11	FALSE	MCP_IRVE-HK97	53	88	4.256007932	13.2020626	0.00179953235	0.02879251761	0.7315111641	Packaging-Interference	Major capsid protein	576.7	2	#00baad	Homology	Phage_capsid, Peptidase_S78	PF05065, PF04586	capsid-1-pro	NA	MCP + caudovirus serine prohead protease	TRUE
S2C11	FALSE	pri_IRVE-Prim-Pol	14	22	4.160284161	11.21731166	0.00321096877	0.03853162524	0.6520766966	Replication	Primase, Polymerase	28.5	2	#823692	Homology & Context	Prim-Pol	PF09250.11	pri-pol	pri-3-pro	NA	TRUE
S2C11	FALSE	pri_IRVE-Toprim	17	17	3.51271355	9.778299547	0.01182752344	0.08964017766	0	Replication	Primase	42.4	2	#823692	Homology & Context	DUF3854, Toprim	NA	pri-top	pri-4-pro	NA	FALSE
S2C11	FALSE	reg_IRVE	5	5	3.471247174	7.544414215	0.0555788642	0.2667785482	0	Regulation-Excision	Transcriptional regulator	99.3	2	#e8006a	Context	HTH_17, TFIIE_alpha, MerR_1	PF12728.7, PF02002.17, PF13411.6	terS-1-pro	NA	NA	FALSE
S2C11	FALSE	rep_IRVE-10	0	1	5.678612399	5.58227994	0.5658130231	0.8483910923	Inf	Replication	Replication factor	227.3	2	#ae9cc7	Context	NA	NA	rep-10	s17	NA	FALSE
S2C11	FALSE	rep_IRVE-7	0	2	6.664459665	8.070477985	0.228862634	0.5149409265	Inf	Replication	Replication factor	114.3	2	#ae9cc7	Context	NA	NA	rep-7	s08	NA	FALSE
S2C11	FALSE	SSR_IRVE-2	16	2	0.5241140163	6.34008458	0.8688678504	0.9595034404	-3	Integration	Small Serine Recombinase	189.1	2	#fcbc7b	Homology & Context & Catalytic Site	NA	NA	IntS_IRVE-S4	NA	Short, Resolvase only, DNA-Invertase? - don't seed!!	FALSE
S2C11	FALSE	SSR_Pro	195	3	-2.484104825	10.94968281	0.08791144563	0.3655708315	-6.022367813	Integration	Small Serine Recombinase	291.2	-5	#fcbc7b	Homology & Context & Catalytic Site	NA	NA	IntS_IRVE-S1	NA	Core gene	FALSE
S2C11	FALSE	terS_IRVE	35	94	4.946578214	12.67314002	5.04E-04	0.01036099653	1.425305835	Packaging-Interference	Terminase small subunit (ATPase)	121.1	2	#9ae7e1	Homology	Phage_term_sma, GP3_package	PF07141, PF16677	terS-2-pro	NA	Siphovirus-like - antisipho??	TRUE
S2C11	TRUE	TIGR00006-aln	989	54	-0.6643229833	11.59672282	0.583268876	0.8483910923	-4.194939209	core	NA	NA	NA	NA	NA	NA	NA	NA	NA	NA	FALSE
S2C11	TRUE	TIGR00019-aln	2957	229	-0.1602816263	13.06278309	0.8927508098	0.9614162289	-3.69071474	core	NA	NA	NA	NA	NA	NA	NA	NA	NA	NA	FALSE
S2C11	TRUE	TIGR00020-aln	2525	212	-0.04372324996	12.79394786	0.9717602962	0.985447061	-3.574147218	core	NA	NA	NA	NA	NA	NA	NA	NA	NA	NA	FALSE
S2C11	TRUE	TIGR00029-aln	203	5	-1.808887992	9.660762955	0.1983193624	0.4533013997	-5.343407822	core	NA	NA	NA	NA	NA	NA	NA	NA	NA	NA	FALSE
S2C11	TRUE	TIGR00043-aln	334	12	-1.266923363	10.26488114	0.3172556057	0.6345112114	-4.798741792	core	NA	NA	NA	NA	NA	NA	NA	NA	NA	NA	FALSE
S2C11	TRUE	TIGR00054-aln	923	29	-1.461155233	11.53866405	0.2324410801	0.5149463929	-4.992205843	core	NA	NA	NA	NA	NA	NA	NA	NA	NA	NA	FALSE
S2C11	TRUE	TIGR00059-aln	478	11	-1.909100274	10.39145006	0.1362362473	0.4024297795	-5.441435189	core	NA	NA	NA	NA	NA	NA	NA	NA	NA	NA	FALSE
S2C11	TRUE	TIGR00061-aln	411	11	-1.691341198	10.41941916	0.1881817921	0.4442324273	-5.223562965	core	NA	NA	NA	NA	NA	NA	NA	NA	NA	NA	FALSE
S2C11	TRUE	TIGR00064-aln	2914	377	0.5800177638	13.11038439	0.6216363635	0.8802189041	-2.950364449	core	NA	NA	NA	NA	NA	NA	NA	NA	NA	NA	FALSE
S2C11	TRUE	TIGR00065-aln	2630	359	0.6573666828	13.09920081	0.5756388464	0.8483910923	-2.87300705	core	NA	NA	NA	NA	NA	NA	NA	NA	NA	NA	FALSE
S2C11	TRUE	TIGR00082-aln	229	4	-2.303068509	10.13738469	0.1091635122	0.3655708315	-5.839203788	core	NA	NA	NA	NA	NA	NA	NA	NA	NA	NA	FALSE
S2C11	TRUE	TIGR00083-aln	828	5	-3.835805602	11.39171133	0.00580859308	0.05227733772	-7.371558863	core	NA	NA	NA	NA	NA	NA	NA	NA	NA	NA	TRUE
S2C11	TRUE	TIGR00084-aln	370	32	-9.61E-04	10.46293996	1	1	-3.531381461	core	NA	NA	NA	NA	NA	NA	NA	NA	NA	NA	FALSE
S2C11	TRUE	TIGR00086-aln	732	30	-1.077885445	10.88174929	0.3746875014	0.716917461	-4.608809243	core	NA	NA	NA	NA	NA	NA	NA	NA	NA	NA	FALSE
S2C11	TRUE	TIGR00088-aln	2363	126	-0.6986165556	12.59327544	0.5553100426	0.8483910923	-4.22912399	core	NA	NA	NA	NA	NA	NA	NA	NA	NA	NA	FALSE
S2C11	TRUE	TIGR00090-aln	414	11	-1.701827723	10.23874068	0.1850349846	0.4440839631	-5.234055339	core	NA	NA	NA	NA	NA	NA	NA	NA	NA	NA	FALSE
S2C11	TRUE	TIGR00092-aln	4270	547	0.5657713723	13.7741154	0.6297714868	0.8802189041	-2.964623332	core	NA	NA	NA	NA	NA	NA	NA	NA	NA	NA	FALSE
S2C11	TRUE	TIGR00115-aln	1508	31	-2.073098175	12.0099573	0.09565574123	0.3655708315	-5.604224403	core	NA	NA	NA	NA	NA	NA	NA	NA	NA	NA	FALSE
S2C11	TRUE	TIGR00116-aln	1048	29	-1.644348511	11.40060446	0.179656608	0.4440839631	-5.175442006	core	NA	NA	NA	NA	NA	NA	NA	NA	NA	NA	FALSE
S2C11	TRUE	TIGR00138-aln	569	6	-3.032705619	10.77940343	0.02679127578	0.1753610778	-6.567322342	core	NA	NA	NA	NA	NA	NA	NA	NA	NA	NA	FALSE
S2C11	TRUE	TIGR00158-aln	504	10	-2.122720438	10.64016381	0.1016109304	0.3655708315	-5.655351829	core	NA	NA	NA	NA	NA	NA	NA	NA	NA	NA	FALSE
S2C11	TRUE	TIGR00166-aln	451	6	-2.697556967	10.34264908	0.04878983827	0.2509191682	-6.232021123	core	NA	NA	NA	NA	NA	NA	NA	NA	NA	NA	FALSE
S2C11	TRUE	TIGR00168-aln	2067	142	-0.3331139198	12.31176081	0.7785673099	0.9421318709	-3.863575554	core	NA	NA	NA	NA	NA	NA	NA	NA	NA	NA	FALSE
S2C11	TRUE	TIGR00186-aln	914	22	-1.845256721	11.33446293	0.1399356599	0.4024297795	-5.376618736	core	NA	NA	NA	NA	NA	NA	NA	NA	NA	NA	FALSE
S2C11	TRUE	TIGR00194-aln	2116	88	-1.057102819	12.68619852	0.3766743466	0.716917461	-4.587692293	core	NA	NA	NA	NA	NA	NA	NA	NA	NA	NA	FALSE
S2C11	TRUE	TIGR00250-aln	317	7	-1.967512784	10.31035312	0.1427671965	0.4024297795	-5.500984108	core	NA	NA	NA	NA	NA	NA	NA	NA	NA	NA	FALSE
S2C11	TRUE	TIGR00337-aln	7184	762	0.2934869703	14.29459962	0.8020716029	0.9595034404	-3.236924447	core	NA	NA	NA	NA	NA	NA	NA	NA	NA	NA	FALSE
S2C11	TRUE	TIGR00344-aln	5288	540	0.2387194852	14.04835454	0.8386485381	0.9595034404	-3.291690864	core	NA	NA	NA	NA	NA	NA	NA	NA	NA	NA	FALSE
S2C11	TRUE	TIGR00362-aln	2575	252	0.1773282195	12.89246586	0.8795448204	0.9595034404	-3.353076793	core	NA	NA	NA	NA	NA	NA	NA	NA	NA	NA	FALSE
S2C11	TRUE	TIGR00382-aln	5752	821	0.7217876567	14.37217654	0.5388772805	0.8483910923	-2.808609549	core	NA	NA	NA	NA	NA	NA	NA	NA	NA	NA	FALSE
S2C11	TRUE	TIGR00392-aln	5056	226	-0.953120406	13.75291122	0.4205954674	0.7570718414	-4.483601786	core	NA	NA	NA	NA	NA	NA	NA	NA	NA	NA	FALSE
S2C11	TRUE	TIGR00396-aln	8351	1052	0.5415932213	14.69238308	0.6439218316	0.8802189041	-2.98881426	core	NA	NA	NA	NA	NA	NA	NA	NA	NA	NA	FALSE
S2C11	TRUE	TIGR00398-aln	2922	61	-2.051225927	12.70451549	0.09365542189	0.3655708315	-5.582003125	core	NA	NA	NA	NA	NA	NA	NA	NA	NA	NA	FALSE
S2C11	TRUE	TIGR00414-aln	4604	632	0.6655019101	13.98526523	0.57094477	0.8483910923	-2.86489137	core	NA	NA	NA	NA	NA	NA	NA	NA	NA	NA	FALSE
S2C11	TRUE	TIGR00416-aln	1636	292	1.044182942	12.88229599	0.3783731044	0.716917461	-2.486132474	core	NA	NA	NA	NA	NA	NA	NA	NA	NA	NA	FALSE
S2C11	TRUE	TIGR00420-aln	1120	28	-1.790778888	11.72220337	0.14670662	0.4024297795	-5.321928095	core	NA	NA	NA	NA	NA	NA	NA	NA	NA	NA	FALSE
S2C11	TRUE	TIGR00431-aln	801	17	-2.026501132	11.23426506	0.1091192373	0.3655708315	-5.558195591	core	NA	NA	NA	NA	NA	NA	NA	NA	NA	NA	FALSE
S2C11	TRUE	TIGR00435-aln	3336	404	0.4846994385	13.35110624	0.6797679421	0.8810452537	-3.045692091	core	NA	NA	NA	NA	NA	NA	NA	NA	NA	NA	FALSE
S2C11	TRUE	TIGR00436-aln	964	31	-1.427690993	11.61800468	0.2432953716	0.5152137281	-4.958693026	core	NA	NA	NA	NA	NA	NA	NA	NA	NA	NA	FALSE
S2C11	TRUE	TIGR00442-aln	2083	330	0.8722227141	12.86589659	0.4592284682	0.798639219	-2.65812491	core	NA	NA	NA	NA	NA	NA	NA	NA	NA	NA	FALSE
S2C11	TRUE	TIGR00445-aln	1452	79	-0.6694900624	11.93535751	0.5767786457	0.8483910923	-4.20004499	core	NA	NA	NA	NA	NA	NA	NA	NA	NA	NA	FALSE
S2C11	TRUE	TIGR00456-aln	2076	250	0.4765684984	12.93054151	0.6852574196	0.8810452537	-3.053806444	core	NA	NA	NA	NA	NA	NA	NA	NA	NA	NA	FALSE
S2C11	TRUE	TIGR00459-aln	5266	739	0.6973345102	14.19023461	0.5526779137	0.8483910923	-2.833061252	core	NA	NA	NA	NA	NA	NA	NA	NA	NA	NA	FALSE
S2C11	TRUE	TIGR00460-aln	1876	153	-0.08562552731	12.49675119	0.9431429475	0.9770689528	-3.61605627	core	NA	NA	NA	NA	NA	NA	NA	NA	NA	NA	FALSE
S2C11	TRUE	TIGR00468-aln	2824	269	0.1383471638	13.06339039	0.9075954289	0.9614162289	-3.392062011	core	NA	NA	NA	NA	NA	NA	NA	NA	NA	NA	FALSE
S2C11	TRUE	TIGR00472-aln	1870	43	-1.91164744	12.70056254	0.118652207	0.3883163139	-5.4425578	core	NA	NA	NA	NA	NA	NA	NA	NA	NA	NA	FALSE
S2C11	TRUE	TIGR00487-aln	5854	551	0.1211168349	14.10896523	0.917863833	0.9614162289	-3.409298522	core	NA	NA	NA	NA	NA	NA	NA	NA	NA	NA	FALSE
S2C11	TRUE	TIGR00496-aln	989	42	-1.026741127	11.36298884	0.396109969	0.7312799429	-4.557509288	core	NA	NA	NA	NA	NA	NA	NA	NA	NA	NA	FALSE
S2C11	TRUE	TIGR00539-aln	941	12	-2.760629192	11.65553828	0.03347450127	0.2073566362	-6.293088412	core	NA	NA	NA	NA	NA	NA	NA	NA	NA	NA	FALSE
S2C11	TRUE	TIGR00580-aln	5432	668	0.5068383483	14.23821623	0.6655288657	0.8802189041	-3.023563472	core	NA	NA	NA	NA	NA	NA	NA	NA	NA	NA	FALSE
S2C11	TRUE	TIGR00593-aln	5461	411	-0.2015258225	14.01502239	0.8640190754	0.9595034404	-3.731954858	core	NA	NA	NA	NA	NA	NA	NA	NA	NA	NA	FALSE
S2C11	TRUE	TIGR00615-aln	846	36	-1.023763468	11.17342956	0.401514471	0.7318744789	-4.554588852	core	NA	NA	NA	NA	NA	NA	NA	NA	NA	NA	FALSE
S2C11	TRUE	TIGR00631-aln	11041	1356	0.5049692824	15.04707592	0.6662768094	0.8802189041	-3.025441762	core	NA	NA	NA	NA	NA	NA	NA	NA	NA	NA	FALSE
S2C11	TRUE	TIGR00634-aln	893	35	-1.142364532	10.45658896	0.3457490557	0.6820255345	-4.673233348	core	NA	NA	NA	NA	NA	NA	NA	NA	NA	NA	FALSE
S2C11	TRUE	TIGR00635-aln	2267	318	0.6966781213	12.94466606	0.5547687226	0.8483910923	-2.83368572	core	NA	NA	NA	NA	NA	NA	NA	NA	NA	NA	FALSE
S2C11	TRUE	TIGR00643-aln	5589	308	-0.6511341181	13.82124549	0.5801182382	0.8483910923	-4.181587919	core	NA	NA	NA	NA	NA	NA	NA	NA	NA	NA	FALSE
S2C11	TRUE	TIGR00663-aln	1575	21	-2.697242161	11.85540929	0.03455943937	0.2073566362	-6.22881869	core	NA	NA	NA	NA	NA	NA	NA	NA	NA	NA	FALSE
S2C11	TRUE	TIGR00755-aln	587	3	-4.072855306	11.2313238	0.00483620778	0.04781142763	-7.612254192	core	NA	NA	NA	NA	NA	NA	NA	NA	NA	NA	TRUE
S2C11	TRUE	TIGR00810-aln	209	6	-1.588784026	9.546941718	0.2424904079	0.5152137281	-5.122396631	core	NA	NA	NA	NA	NA	NA	NA	NA	NA	NA	FALSE
S2C11	TRUE	TIGR00922-aln	775	19	-1.818622111	11.28707278	0.1478002543	0.4024297795	-5.350124987	core	NA	NA	NA	NA	NA	NA	NA	NA	NA	NA	FALSE
S2C11	TRUE	TIGR00928-aln	3531	91	-1.747424891	12.93450781	0.1484778811	0.4024297795	-5.278066466	core	NA	NA	NA	NA	NA	NA	NA	NA	NA	NA	FALSE
S2C11	TRUE	TIGR00959-aln	4244	417	0.1831052325	13.58080344	0.8761348995	0.9595034404	-3.347305367	core	NA	NA	NA	NA	NA	NA	NA	NA	NA	NA	FALSE
S2C11	TRUE	TIGR00963-aln	9089	931	0.2431457578	14.75274598	0.8353992326	0.9595034404	-3.2872685	core	NA	NA	NA	NA	NA	NA	NA	NA	NA	NA	FALSE
S2C11	TRUE	TIGR00967-aln	1848	39	-2.035370086	12.18950648	0.09939834285	0.3655708315	-5.566346823	core	NA	NA	NA	NA	NA	NA	NA	NA	NA	NA	FALSE
S2C11	TRUE	TIGR01009-aln	1667	172	0.253614188	12.31549985	0.8289636427	0.9595034404	-3.276773634	core	NA	NA	NA	NA	NA	NA	NA	NA	NA	NA	FALSE
S2C11	TRUE	TIGR01011-aln	1115	37	-1.382476162	11.61610344	0.2552513389	0.5269003233	-4.913374629	core	NA	NA	NA	NA	NA	NA	NA	NA	NA	NA	FALSE
S2C11	TRUE	TIGR01017-aln	929	39	-1.043333489	11.43938438	0.3888381301	0.7271778017	-4.574132568	core	NA	NA	NA	NA	NA	NA	NA	NA	NA	NA	FALSE
S2C11	TRUE	TIGR01021-aln	669	7	-3.044485484	11.05999538	0.02341966945	0.1605920191	-6.578507479	core	NA	NA	NA	NA	NA	NA	NA	NA	NA	NA	FALSE
S2C11	TRUE	TIGR01029-aln	1562	119	-0.1839121584	11.91307569	0.8776322784	0.9595034404	-3.714360975	core	NA	NA	NA	NA	NA	NA	NA	NA	NA	NA	FALSE
S2C11	TRUE	TIGR01032-aln	1510	220	0.7513575629	12.175603	0.5248181006	0.8483910923	-2.778973121	core	NA	NA	NA	NA	NA	NA	NA	NA	NA	NA	FALSE
S2C11	TRUE	TIGR01039-aln	10188	1134	0.3630343549	14.87376049	0.7563552742	0.9351980151	-3.167378319	core	NA	NA	NA	NA	NA	NA	NA	NA	NA	NA	FALSE
S2C11	TRUE	TIGR01044-aln	471	13	-1.647220052	10.40555564	0.1959641842	0.4533013997	-5.179143531	core	NA	NA	NA	NA	NA	NA	NA	NA	NA	NA	FALSE
S2C11	TRUE	TIGR01059-aln	7384	734	0.1998635223	14.35986283	0.8645013347	0.9595034404	-3.330550585	core	NA	NA	NA	NA	NA	NA	NA	NA	NA	NA	FALSE
S2C11	TRUE	TIGR01063-aln	10285	1121	0.3327296646	14.91774243	0.7761016419	0.9421318709	-3.197683611	core	NA	NA	NA	NA	NA	NA	NA	NA	NA	NA	FALSE
S2C11	TRUE	TIGR01066-aln	1172	147	0.5352476259	11.75998565	0.6524342107	0.8802189041	-2.99508451	core	NA	NA	NA	NA	NA	NA	NA	NA	NA	NA	FALSE
S2C11	TRUE	TIGR01071-aln	471	9	-2.176754451	10.67174615	0.09860399221	0.3655708315	-5.709658248	core	NA	NA	NA	NA	NA	NA	NA	NA	NA	NA	FALSE
S2C11	TRUE	TIGR01079-aln	394	9	-1.919360681	10.27797323	0.1472670044	0.4024297795	-5.452126818	core	NA	NA	NA	NA	NA	NA	NA	NA	NA	NA	FALSE
S2C11	TRUE	TIGR01082-aln	1650	23	-2.633221094	12.07778117	0.03731624587	0.2149415762	-6.164688353	core	NA	NA	NA	NA	NA	NA	NA	NA	NA	NA	FALSE
S2C11	TRUE	TIGR01087-aln	1091	8	-3.557733156	11.80499501	0.008867165815	0.07093732652	-7.091435386	core	NA	NA	NA	NA	NA	NA	NA	NA	NA	NA	TRUE
S2C11	TRUE	TIGR01128-aln	784	11	-2.622672369	11.3678868	0.0450540167	0.2402880891	-6.155278225	core	NA	NA	NA	NA	NA	NA	NA	NA	NA	NA	FALSE
S2C11	TRUE	TIGR01146-aln	2180	40	-2.237198642	12.18141791	0.07081559257	0.323936963	-5.768184325	core	NA	NA	NA	NA	NA	NA	NA	NA	NA	NA	FALSE
S2C11	TRUE	TIGR01164-aln	2122	273	0.5719169274	12.79951762	0.6274867488	0.8802189041	-2.9584518	core	NA	NA	NA	NA	NA	NA	NA	NA	NA	NA	FALSE
S2C11	TRUE	TIGR01169-aln	1919	181	0.1241125548	12.44624906	0.9166557404	0.9614162289	-3.406293109	core	NA	NA	NA	NA	NA	NA	NA	NA	NA	NA	FALSE
S2C11	TRUE	TIGR01171-aln	3374	448	0.6174963299	13.31266556	0.5992252669	0.8628843844	-2.912889336	core	NA	NA	NA	NA	NA	NA	NA	NA	NA	NA	FALSE
S2C11	TRUE	TIGR01391-aln	2290	85	-1.221128035	12.85436198	0.3087326808	0.6261620567	-4.751740947	core	NA	NA	NA	NA	NA	NA	NA	NA	NA	NA	FALSE
S2C11	TRUE	TIGR01393-aln	7796	991	0.5546292049	14.64690823	0.6360393706	0.8802189041	-2.975777128	core	NA	NA	NA	NA	NA	NA	NA	NA	NA	NA	FALSE
S2C11	TRUE	TIGR01394-aln	3712	536	0.7384922918	13.75585784	0.5300205705	0.8483910923	-2.791891805	core	NA	NA	NA	NA	NA	NA	NA	NA	NA	NA	FALSE
S2C11	TRUE	TIGR01510-aln	573	29	-0.773579327	10.92841112	0.5301297763	0.8483910923	-4.304410334	core	NA	NA	NA	NA	NA	NA	NA	NA	NA	NA	FALSE
S2C11	TRUE	TIGR01632-aln	1305	180	0.6723441765	12.03089223	0.5704324933	0.8483910923	-2.857980995	core	NA	NA	NA	NA	NA	NA	NA	NA	NA	NA	FALSE
S2C11	TRUE	TIGR01951-aln	539	9	-2.371223792	10.68996571	0.07198599179	0.323936963	-5.904216461	core	NA	NA	NA	NA	NA	NA	NA	NA	NA	NA	FALSE
S2C11	TRUE	TIGR01953-aln	2130	51	-1.853385102	12.47844011	0.1286890989	0.4024297795	-5.384212373	core	NA	NA	NA	NA	NA	NA	NA	NA	NA	NA	FALSE
S2C11	TRUE	TIGR02012-aln	5558	880	0.8714024394	14.45292751	0.4590640329	0.798639219	-2.658990406	core	NA	NA	NA	NA	NA	NA	NA	NA	NA	NA	FALSE
S2C11	TRUE	TIGR02013-aln	13277	1798	0.6459466252	15.42046553	0.5816161222	0.8483910923	-2.884464274	core	NA	NA	NA	NA	NA	NA	NA	NA	NA	NA	FALSE
S2C11	TRUE	TIGR02027-aln	1334	25	-2.206366991	11.73692261	0.07742858001	0.3378701673	-5.737686761	core	NA	NA	NA	NA	NA	NA	NA	NA	NA	NA	FALSE
S2C11	TRUE	TIGR02075-aln	2048	148	-0.2600946906	12.32200991	0.8268501271	0.9595034404	-3.790546634	core	NA	NA	NA	NA	NA	NA	NA	NA	NA	NA	FALSE
S2C11	TRUE	TIGR02191-aln	705	3	-4.337023444	10.51041298	0.002864240719	0.03749551487	-7.876516947	core	NA	NA	NA	NA	NA	NA	NA	NA	NA	NA	TRUE
S2C11	TRUE	TIGR02273-aln	364	5	-2.650624091	10.58255343	0.05295266472	0.2629373696	-6.185866545	core	NA	NA	NA	NA	NA	NA	NA	NA	NA	NA	FALSE
S2C11	TRUE	TIGR02350-aln	14646	1820	0.5219166975	15.66539722	0.6557336485	0.8802189041	-3.008496345	core	NA	NA	NA	NA	NA	NA	NA	NA	NA	NA	FALSE
S2C11	TRUE	TIGR02397-aln	3285	341	0.262353395	13.22730241	0.8233343717	0.9595034404	-3.268049726	core	NA	NA	NA	NA	NA	NA	NA	NA	NA	NA	FALSE
S2C11	TRUE	TIGR02432-aln	876	12	-2.657391507	11.39558019	0.0405612774	0.2246470748	-6.189824559	core	NA	NA	NA	NA	NA	NA	NA	NA	NA	NA	FALSE
S2C11	TRUE	TIGR02729-aln	3564	299	-0.04485708313	13.228556	0.9706280668	0.985447061	-3.575279947	core	NA	NA	NA	NA	NA	NA	NA	NA	NA	NA	FALSE
S2C11	TRUE	TIGR03263-aln	692	46	-0.3805015737	11.11395228	0.7538291363	0.9351980151	-3.911066272	core	NA	NA	NA	NA	NA	NA	NA	NA	NA	NA	FALSE
S2C11	TRUE	TIGR03594-aln	1554	40	-1.748918342	12.2472608	0.1529454737	0.4024297795	-5.279842694	core	NA	NA	NA	NA	NA	NA	NA	NA	NA	NA	FALSE
S2C11	TRUE	TIGR03625-aln	818	26	-1.444398638	11.1855908	0.2405274029	0.5152137281	-4.975517315	core	NA	NA	NA	NA	NA	NA	NA	NA	NA	NA	FALSE
S2C11	TRUE	TIGR03632-aln	1437	118	-0.07576891818	11.77693734	0.9499306374	0.9770715128	-3.606201297	core	NA	NA	NA	NA	NA	NA	NA	NA	NA	NA	FALSE
S2C11	TRUE	TIGR03654-aln	938	106	0.3848134145	11.56176561	0.7470716821	0.9351980151	-3.145523658	core	NA	NA	NA	NA	NA	NA	NA	NA	NA	NA	FALSE
S2C11	TRUE	TIGR03723-aln	2182	147	-0.3612998247	12.49264994	0.7598483873	0.9351980151	-3.891763041	core	NA	NA	NA	NA	NA	NA	NA	NA	NA	NA	FALSE
S2C11	TRUE	TIGR03725-aln	405	8	-2.128591028	8.953891844	0.1043813715	0.3655708315	-5.661778098	core	NA	NA	NA	NA	NA	NA	NA	NA	NA	NA	FALSE
S2C11	TRUE	TIGR03953-aln	752	16	-2.022815897	10.86172908	0.1077137264	0.3655708315	-5.554588852	core	NA	NA	NA	NA	NA	NA	NA	NA	NA	NA	FALSE
S2C11	FALSE	top_IRVE-Topoiso	5	3	2.738091746	8.33047778	0.1770563552	0.4440839631	-0.7369655942	Replication	Topoisomerase	215.6	2	#823692	Homology & Context	Topoisom_I	NA	top	NA	NA	FALSE
S2C11	FALSE	unk_IRVE-1	3	132	8.883458508	13.54887994	4.55E-07	3.28E-05	5.459431619	Conserved-Unknown	NA	144.8	2	gray50	NA	NA	NA	NA	NA	NA	TRUE
S2C11	FALSE	YR_IRVE-2	73	1	-2.635499006	8.414672985	0.1537058185	0.4024297795	-6.189824559	Integration	Tyrosine Recombinase	152.6	2	#ffc300	Homology & Context & Catalytic Site	NA	NA	IntY_IRVE-Y2	NA	NA	FALSE
S2C11	FALSE	YR_IRVE-3	10	420	8.889987288	15.26985914	1.13E-07	1.63E-05	5.392317423	Integration	Arm-less Tyrosine Recombinase	205.8	2	#fbe8aa	Homology & Context & Catalytic Site	NA	NA	IntY_IRVE-Y3	NA	NA	TRUE
S2C11	FALSE	YR_IRVE-4	112	8	-0.2763092268	7.044495087	0.8774609033	0.9595034404	-3.807354922	Integration	Tyrosine Recombinase	277.4	2	#ffc300	Homology & Context & Catalytic Site	NA	NA	IntY_IRVE-Y4	NA	NA	FALSE
S2C11	FALSE	YR_IRVE-5	158	15	0.1333443033	7.992518629	0.9213572194	0.9614162289	-3.396890153	Integration	Tyrosine Recombinase	405.9	2	#ffc300	Homology & Context & Catalytic Site	NA	NA	IntY_IRVE-Y5	NA	NA	FALSE
S2C11	FALSE	YR_IRVE-6	29	3	0.255544539	6.747136028	0.9065604241	0.9614162289	-3.273018494	Integration	Tyrosine Recombinase	705.3	2	#ffc300	Homology & Context & Catalytic Site	NA	NA	IntY_IRVE-Y6	NA	NA	FALSE
S2C11	FALSE	YR_IRVE-8	0	43	11.07709941	10.74476412	1.88E-05	6.77E-04	Inf	Integration	Tyrosine Recombinase	296.4	2	#ffc300	Homology & Context & Catalytic Site	NA	NA	IntY_IRVE-Y8	NA	NA	TRUE
S2C11	FALSE	YR_IRVE-A	26	28	3.625649775	11.25893418	0.008426845044	0.07093732652	0.1069152039	Integration	Tyrosine Recombinase	409.6	2	#ffc300	Homology & Context & Catalytic Site	NA	NA	IntY_IRVE-YA	NA	NA	TRUE
S2C11	FALSE	YR_IRVE-M	22	37	4.266207803	10.0803673	0.002645410671	0.03749551487	0.750021747	Integration	Tyrosine Recombinase	384.2	2	#ffc300	Homology & Context & Catalytic Site	NA	NA	IntY_IRVE-YM	NA	NA	TRUE
S2C11	FALSE	YR_IRVE-P	181	49	1.644037256	11.80626069	0.1825454721	0.4440839631	-1.885136043	Integration	Tyrosine Recombinase	305.8	2	#ffc300	Homology & Context & Catalytic Site	NA	NA	IntY_IRVE-YP	NA	NA	FALSE
S2C11	FALSE	YR_IRVE-R	10	30	5.083521249	11.48595023	6.17E-04	0.01109847633	1.584962501	Integration	Tyrosine Recombinase	446.3	2	#ffc300	Homology & Context & Catalytic Site	NA	NA	IntY_IRVE-YR	NA	NA	TRUE
S2C11	FALSE	YR_IRVE-S	23	91	5.50060755	12.92229806	1.59E-04	0.003807955268	1.984232684	Integration	Tyrosine Recombinase	387.6	2	#ffc300	Homology & Context & Catalytic Site	NA	NA	IntY_IRVE-YS	NA	NA	TRUE
S2C11	FALSE	YR_IRVE-T1	23	32	3.993394722	11.92659835	0.004109260903	0.04551796693	0.4764380439	Integration	Tyrosine Recombinase	605.6	2	#ffc300	Homology & Context & Catalytic Site	NA	NA	IntY_IRVE-YT1	NA	NA	TRUE
S2C11	FALSE	YR_Pro	943	26	-1.649501788	11.62928141	0.1805087226	0.4440839631	-5.180674243	Integration	Tyrosine Recombinase	459.3	-5	#ffc300	Homology & Context & Catalytic Site	NA	NA	IntY_IRVE-Y1	NA	Core gene	FALSE
S2C11	FALSE	YR_SM-CTnDOT	13	157	7.099472965	10.23402612	5.97E-06	2.87E-04	3.594181031	Integration	Tyrosine Recombinase	216	2	#ffc300	Reference	NA	NA	IntY_CTnDOT	NA	NA	TRUE
S2C11	FALSE	YR_SM-Cyan	128	21	0.9215136973	8.873615896	0.4629933681	0.798639219	-2.607682577	Integration	Tyrosine Recombinase	237	2	#ffc300	Reference	NA	NA	IntY_Cyan	NA	NA	FALSE
S2C11	FALSE	YR_SM-Integron	5	1	1.172030578	5.719064074	0.7082902366	0.9025999475	-2.321928095	Integration	Tyrosine Recombinase	271	2	#ffc300	Reference	NA	NA	IntY_Integron	NA	NA	FALSE
S2C11	FALSE	YR_SM-P2	69	22	1.877829505	8.761779922	0.1456747369	0.4024297795	-1.649092838	Integration	Tyrosine Recombinase	200	2	#ffc300	Reference	NA	NA	IntY_P2	NA	NA	FALSE
S2C11	FALSE	YR_SM-SXT	67	6	0.04912737254	7.250575382	1	1	-3.48112669	Integration	Tyrosine Recombinase	300	2	#ffc300	Reference	NA	NA	IntY_SXT	NA	NA	FALSE
S2C11	FALSE	YR_SM-Xer	1539	188	0.4971683852	12.02561128	0.6738806724	0.8810452537	-3.033188665	Integration	Tyrosine Recombinase	230	2	#ffc300	Reference	NA	NA	IntY_Xer	NA	NA	FALSE
S2C14	FALSE	hel_IRVE-D5	16	0	-6.095096706	10.70586328	0.513817061	0.7788384925	-Inf	Replication	Helicase	22.2	2	#823692	Homology & Context	D5, PPV_E1, VirE	NA	hel-vir	pri-4-pro	Helicase Superfamily 3 (https://en.wikipedia.org/wiki/Helicase, Kazlauskas D, Krupovic M, Venclovas Č. The logic of DNA replication in double-stranded DNA viruses: insights from global analysis of viral genomes. Nucleic Acids Res. 2016;44: 4551–4564. doi:10.1093/nar/gkw322)	FALSE
S2C14	FALSE	hel_IRVE-DnaB	57	0	-7.912726123	8.823988199	0.06571604965	0.2867609439	-Inf	Replication	Helicase	22.1	2	#823692	Homology & Context	Rad51, AAA+, DnaB, RecA	NA	hel-Rad51	pri-2-pro	Helicase Superfamily 4 (https://en.wikipedia.org/wiki/Helicase, Kazlauskas D, Krupovic M, Venclovas Č. The logic of DNA replication in double-stranded DNA viruses: insights from global analysis of viral genomes. Nucleic Acids Res. 2016;44: 4551–4564. doi:10.1093/nar/gkw322)	FALSE
S2C14	FALSE	hel_IRVE-VirE	149	75	3.25880098	14.12326829	0.01131412945	0.08574919163	-0.99034983	Replication	Helicase	34.2	2	#823692	Homology & Context	VirE, RNA_helicase, PPV_E1_C	NA	hel-VirE	pri-1-pro	Helicase Superfamily 3 (https://en.wikipedia.org/wiki/Helicase, Kazlauskas D, Krupovic M, Venclovas Č. The logic of DNA replication in double-stranded DNA viruses: insights from global analysis of viral genomes. Nucleic Acids Res. 2016;44: 4551–4564. doi:10.1093/nar/gkw322)	FALSE
S2C14	FALSE	lig_IRVE-NAD	3211	16	-3.396580504	12.44112536	0.009477030602	0.07642585836	-7.64880695	Replication	Ligase	98.1	2	#ae9cc7	Homology & Context	DNA_ligase_aden	NA	NA	lig-1-pro	NA	TRUE
S2C14	FALSE	LSR_IRVE	11	0	-5.564089363	8.113205374	0.3487195347	0.6269967771	-Inf	Integration	Large Serine Recombinase	511.1	2	#ff8d1a	Homology & Context & Catalytic Site	NA	NA	IntS_IRVE-S3	NA	Long, full-length Serine Resolvase/Recombinase	FALSE
S2C14	FALSE	MCP_IRVE-HK97	135	61	3.102889501	13.2020626	0.01576275904	0.1080874906	-1.146078259	Packaging-Interference	Major capsid protein	576.7	2	#00baad	Homology	Phage_capsid, Peptidase_S78	PF05065, PF04586	capsid-1-pro	NA	MCP + caudovirus serine prohead protease	FALSE
S2C14	FALSE	pri_IRVE-Prim-Pol	14	4	2.424073947	11.21731166	0.1847076058	0.4666297409	-1.807354922	Replication	Primase, Polymerase	28.5	2	#823692	Homology & Context	Prim-Pol	PF09250.11	pri-pol	pri-3-pro	NA	FALSE
S2C14	FALSE	pri_IRVE-Toprim	11	5	3.086478818	9.778299547	0.06510525037	0.2867609439	-1.137503524	Replication	Primase	42.4	2	#823692	Homology & Context	DUF3854, Toprim	NA	pri-top	pri-4-pro	NA	FALSE
S2C14	FALSE	reg_IRVE	11	0	-5.564089363	7.544414215	0.3487195347	0.6269967771	-Inf	Regulation-Excision	Transcriptional regulator	99.3	2	#e8006a	Context	HTH_17, TFIIE_alpha, MerR_1	PF12728.7, PF02002.17, PF13411.6	terS-1-pro	NA	NA	FALSE
S2C14	FALSE	rep_IRVE-10	5	0	-4.462722459	5.58227994	1	1	-Inf	Replication	Replication factor	227.3	2	#ae9cc7	Context	NA	NA	rep-10	s17	NA	FALSE
S2C14	FALSE	rep_IRVE-7	8	2	2.217967082	8.070477985	0.224638923	0.5391334153	-2	Replication	Replication factor	114.3	2	#ae9cc7	Context	NA	NA	rep-7	s08	NA	FALSE
S2C14	FALSE	SSR_IRVE-2	27	0	-6.841360503	6.34008458	0.2899983801	0.5990244581	-Inf	Integration	Small Serine Recombinase	189.1	2	#fcbc7b	Homology & Context & Catalytic Site	NA	NA	IntS_IRVE-S4	NA	Short, Resolvase only, DNA-Invertase? - don't seed!!	FALSE
S2C14	FALSE	SSR_Pro	2492	12	-3.445555645	10.94968281	0.009382947023	0.07642585836	-7.698125852	Integration	Small Serine Recombinase	291.2	-5	#fcbc7b	Homology & Context & Catalytic Site	NA	NA	IntS_IRVE-S1	NA	Core gene	TRUE
S2C14	FALSE	terS_IRVE	26	33	4.5825884	12.67314002	0.00119743127	0.02873835049	0.3439544012	Packaging-Interference	Terminase small subunit (ATPase)	121.1	2	#9ae7e1	Homology	Phage_term_sma, GP3_package	PF07141, PF16677	terS-2-pro	NA	Siphovirus-like - antisipho??	TRUE
S2C14	TRUE	TIGR00006-aln	3067	66	-1.286848509	11.59672282	0.2838089921	0.5990244581	-5.538218332	core	NA	NA	NA	NA	NA	NA	NA	NA	NA	NA	FALSE
S2C14	TRUE	TIGR00019-aln	5855	418	0.4430991268	13.06278309	0.7056092765	0.887818492	-3.808094323	core	NA	NA	NA	NA	NA	NA	NA	NA	NA	NA	FALSE
S2C14	TRUE	TIGR00020-aln	5180	214	-0.3460425362	12.79394786	0.7691269802	0.9153246706	-4.597269396	core	NA	NA	NA	NA	NA	NA	NA	NA	NA	NA	FALSE
S2C14	TRUE	TIGR00029-aln	730	14	-1.452373383	9.660762955	0.2462130536	0.562772694	-5.704397732	core	NA	NA	NA	NA	NA	NA	NA	NA	NA	NA	FALSE
S2C14	TRUE	TIGR00043-aln	1344	6	-3.553404928	10.26488114	0.009108198095	0.07642585836	-7.807354922	core	NA	NA	NA	NA	NA	NA	NA	NA	NA	NA	TRUE
S2C14	TRUE	TIGR00054-aln	3379	28	-2.663275669	11.53866405	0.03462522725	0.1683092796	-6.915025713	core	NA	NA	NA	NA	NA	NA	NA	NA	NA	NA	FALSE
S2C14	TRUE	TIGR00059-aln	1320	32	-1.114810642	10.39145006	0.3610160749	0.6339794486	-5.366322214	core	NA	NA	NA	NA	NA	NA	NA	NA	NA	NA	FALSE
S2C14	TRUE	TIGR00061-aln	1316	46	-0.5870421237	10.41941916	0.6259435499	0.8618670006	-4.838381818	core	NA	NA	NA	NA	NA	NA	NA	NA	NA	NA	FALSE
S2C14	TRUE	TIGR00064-aln	5895	315	0.02513984381	13.11038439	0.9833240766	0.9971737115	-4.226068079	core	NA	NA	NA	NA	NA	NA	NA	NA	NA	NA	FALSE
S2C14	TRUE	TIGR00065-aln	5145	382	0.4996628969	13.09920081	0.6703410005	0.8618670006	-3.751526534	core	NA	NA	NA	NA	NA	NA	NA	NA	NA	NA	FALSE
S2C14	TRUE	TIGR00082-aln	1195	26	-1.270741049	10.13738469	0.3024873569	0.5990244581	-5.522355185	core	NA	NA	NA	NA	NA	NA	NA	NA	NA	NA	FALSE
S2C14	TRUE	TIGR00083-aln	3140	37	-2.155509417	11.39171133	0.08207119872	0.3156259436	-6.407095478	core	NA	NA	NA	NA	NA	NA	NA	NA	NA	NA	FALSE
S2C14	TRUE	TIGR00084-aln	1191	25	-1.322460665	10.46293996	0.2810184352	0.5990244581	-5.574101508	core	NA	NA	NA	NA	NA	NA	NA	NA	NA	NA	FALSE
S2C14	TRUE	TIGR00086-aln	1882	27	-1.871470235	10.88174929	0.1310111311	0.401395806	-6.123163411	core	NA	NA	NA	NA	NA	NA	NA	NA	NA	NA	FALSE
S2C14	TRUE	TIGR00088-aln	5650	138	-1.104232027	12.59327544	0.3526856871	0.6269967771	-5.355510695	core	NA	NA	NA	NA	NA	NA	NA	NA	NA	NA	FALSE
S2C14	TRUE	TIGR00090-aln	1250	4	-4.032285878	10.23874068	0.004778294572	0.06255221986	-8.28771238	core	NA	NA	NA	NA	NA	NA	NA	NA	NA	NA	TRUE
S2C14	TRUE	TIGR00092-aln	7882	601	0.5380705396	13.7741154	0.6463200491	0.8618670006	-3.713124853	core	NA	NA	NA	NA	NA	NA	NA	NA	NA	NA	FALSE
S2C14	TRUE	TIGR00115-aln	4475	35	-2.746742552	12.0099573	0.02944095433	0.1570184231	-6.99838895	core	NA	NA	NA	NA	NA	NA	NA	NA	NA	NA	FALSE
S2C14	TRUE	TIGR00116-aln	2581	59	-1.199690249	11.40060446	0.3188544762	0.6052013143	-5.451071377	core	NA	NA	NA	NA	NA	NA	NA	NA	NA	NA	FALSE
S2C14	TRUE	TIGR00138-aln	1955	9	-3.509996202	10.77940343	0.009079919062	0.07642585836	-7.763027891	core	NA	NA	NA	NA	NA	NA	NA	NA	NA	NA	TRUE
S2C14	TRUE	TIGR00158-aln	1671	19	-2.206617855	10.64016381	0.07963826309	0.3156259436	-6.458568505	core	NA	NA	NA	NA	NA	NA	NA	NA	NA	NA	FALSE
S2C14	TRUE	TIGR00166-aln	1237	28	-1.213700406	10.34264908	0.3194118048	0.6052013143	-5.465274863	core	NA	NA	NA	NA	NA	NA	NA	NA	NA	NA	FALSE
S2C14	TRUE	TIGR00168-aln	3864	136	-0.5771639841	12.31176081	0.6255392647	0.8618670006	-4.828416538	core	NA	NA	NA	NA	NA	NA	NA	NA	NA	NA	FALSE
S2C14	TRUE	TIGR00186-aln	2744	39	-1.885117167	11.33446293	0.1246007399	0.3987223676	-6.136662547	core	NA	NA	NA	NA	NA	NA	NA	NA	NA	NA	FALSE
S2C14	TRUE	TIGR00194-aln	7099	65	-2.519594813	12.68619852	0.04255557078	0.1976774901	-6.771032285	core	NA	NA	NA	NA	NA	NA	NA	NA	NA	NA	FALSE
S2C14	TRUE	TIGR00250-aln	1378	22	-1.717150572	10.31035312	0.1679340145	0.4444986297	-5.968928554	core	NA	NA	NA	NA	NA	NA	NA	NA	NA	NA	FALSE
S2C14	TRUE	TIGR00337-aln	11857	732	0.2334530359	14.29459962	0.8418797624	0.9375061794	-4.017751574	core	NA	NA	NA	NA	NA	NA	NA	NA	NA	NA	FALSE
S2C14	TRUE	TIGR00344-aln	12540	547	-0.2676382072	14.04835454	0.8194443199	0.9375061794	-4.518852705	core	NA	NA	NA	NA	NA	NA	NA	NA	NA	NA	FALSE
S2C14	TRUE	TIGR00362-aln	6226	242	-0.4339983791	12.89246586	0.7123541044	0.887818492	-4.685226624	core	NA	NA	NA	NA	NA	NA	NA	NA	NA	NA	FALSE
S2C14	TRUE	TIGR00382-aln	9950	955	0.8700694429	14.37217654	0.4595903141	0.7353445026	-3.381123887	core	NA	NA	NA	NA	NA	NA	NA	NA	NA	NA	FALSE
S2C14	TRUE	TIGR00392-aln	12819	403	-0.740133227	13.75291122	0.5292438976	0.7856816624	-4.991360074	core	NA	NA	NA	NA	NA	NA	NA	NA	NA	NA	FALSE
S2C14	TRUE	TIGR00396-aln	16632	971	0.1528602987	14.69238308	0.8960279232	0.9418103719	-4.098346557	core	NA	NA	NA	NA	NA	NA	NA	NA	NA	NA	FALSE
S2C14	TRUE	TIGR00398-aln	7223	106	-1.839130763	12.70451549	0.1285730447	0.401395806	-6.090462	core	NA	NA	NA	NA	NA	NA	NA	NA	NA	NA	FALSE
S2C14	TRUE	TIGR00414-aln	8097	601	0.4992459659	13.98526523	0.6701718351	0.8618670006	-3.751950581	core	NA	NA	NA	NA	NA	NA	NA	NA	NA	NA	FALSE
S2C14	TRUE	TIGR00416-aln	4819	307	0.2787731925	12.88229599	0.8123345	0.9375061794	-3.97242324	core	NA	NA	NA	NA	NA	NA	NA	NA	NA	NA	FALSE
S2C14	TRUE	TIGR00420-aln	3745	47	-2.064660908	11.72220337	0.09287727716	0.332644448	-6.316161152	core	NA	NA	NA	NA	NA	NA	NA	NA	NA	NA	FALSE
S2C14	TRUE	TIGR00431-aln	2374	42	-1.569293826	11.23426506	0.1971440148	0.4894610022	-5.820786797	core	NA	NA	NA	NA	NA	NA	NA	NA	NA	NA	FALSE
S2C14	TRUE	TIGR00435-aln	6348	413	0.3091100751	13.35110624	0.7920550617	0.934884663	-3.942088441	core	NA	NA	NA	NA	NA	NA	NA	NA	NA	NA	FALSE
S2C14	TRUE	TIGR00436-aln	3199	63	-1.41473794	11.61800468	0.2395258656	0.5563181395	-5.666125354	core	NA	NA	NA	NA	NA	NA	NA	NA	NA	NA	FALSE
S2C14	TRUE	TIGR00442-aln	4884	283	0.1420131078	12.86589659	0.9039760897	0.9432793979	-4.109189242	core	NA	NA	NA	NA	NA	NA	NA	NA	NA	NA	FALSE
S2C14	TRUE	TIGR00445-aln	3529	77	-1.266911668	11.93535751	0.2901816815	0.5990244581	-5.518257174	core	NA	NA	NA	NA	NA	NA	NA	NA	NA	NA	FALSE
S2C14	TRUE	TIGR00456-aln	6569	188	-0.8756167226	12.93054151	0.4585970368	0.7353445026	-5.126869199	core	NA	NA	NA	NA	NA	NA	NA	NA	NA	NA	FALSE
S2C14	TRUE	TIGR00459-aln	9708	906	0.8296023378	14.19023461	0.4804878105	0.7566362375	-3.421591153	core	NA	NA	NA	NA	NA	NA	NA	NA	NA	NA	FALSE
S2C14	TRUE	TIGR00460-aln	4175	214	-0.03488255963	12.49675119	0.9776533771	0.9971737115	-4.286093496	core	NA	NA	NA	NA	NA	NA	NA	NA	NA	NA	FALSE
S2C14	TRUE	TIGR00468-aln	5997	266	-0.2435233872	13.06339039	0.8363021304	0.9375061794	-4.494742822	core	NA	NA	NA	NA	NA	NA	NA	NA	NA	NA	FALSE
S2C14	TRUE	TIGR00472-aln	7819	31	-3.726826621	12.70056254	0.004504685851	0.06255221986	-7.978572082	core	NA	NA	NA	NA	NA	NA	NA	NA	NA	NA	TRUE
S2C14	TRUE	TIGR00487-aln	12526	675	0.03731375731	14.10896523	0.9747373977	0.9971737115	-4.213894472	core	NA	NA	NA	NA	NA	NA	NA	NA	NA	NA	FALSE
S2C14	TRUE	TIGR00496-aln	2426	55	-1.2116093	11.36298884	0.3139572012	0.6052013143	-5.463004122	core	NA	NA	NA	NA	NA	NA	NA	NA	NA	NA	FALSE
S2C14	TRUE	TIGR00539-aln	3762	58	-1.767875076	11.65553828	0.1460014044	0.4200093641	-6.019303138	core	NA	NA	NA	NA	NA	NA	NA	NA	NA	NA	FALSE
S2C14	TRUE	TIGR00580-aln	13345	805	0.2000388908	14.23821623	0.8642481536	0.9375061794	-4.051166712	core	NA	NA	NA	NA	NA	NA	NA	NA	NA	NA	FALSE
S2C14	TRUE	TIGR00593-aln	13810	438	-0.7274134423	14.01502239	0.536183177	0.7878609947	-4.97863864	core	NA	NA	NA	NA	NA	NA	NA	NA	NA	NA	FALSE
S2C14	TRUE	TIGR00615-aln	2159	16	-2.823973079	11.17342956	0.02804012814	0.1552991712	-7.076147528	core	NA	NA	NA	NA	NA	NA	NA	NA	NA	NA	FALSE
S2C14	TRUE	TIGR00631-aln	16637	1601	0.8738494741	15.04707592	0.4574278092	0.7353445026	-3.377350096	core	NA	NA	NA	NA	NA	NA	NA	NA	NA	NA	FALSE
S2C14	TRUE	TIGR00634-aln	1105	40	-0.5365539164	10.45658896	0.6611677742	0.8618670006	-4.787902559	core	NA	NA	NA	NA	NA	NA	NA	NA	NA	NA	FALSE
S2C14	TRUE	TIGR00635-aln	4166	338	0.6276122239	12.94466606	0.5934660455	0.8545911055	-3.623567688	core	NA	NA	NA	NA	NA	NA	NA	NA	NA	NA	FALSE
S2C14	TRUE	TIGR00643-aln	11566	411	-0.5633847213	13.82124549	0.6314153607	0.8618670006	-4.814607803	core	NA	NA	NA	NA	NA	NA	NA	NA	NA	NA	FALSE
S2C14	TRUE	TIGR00663-aln	4048	29	-2.873267928	11.85540929	0.02377921946	0.1369683041	-7.12501258	core	NA	NA	NA	NA	NA	NA	NA	NA	NA	NA	FALSE
S2C14	TRUE	TIGR00755-aln	2616	18	-2.931144521	11.2313238	0.02284918281	0.1369683041	-7.183221824	core	NA	NA	NA	NA	NA	NA	NA	NA	NA	NA	FALSE
S2C14	TRUE	TIGR00810-aln	772	9	-2.169768891	9.546941718	0.09471126645	0.332644448	-6.422532036	core	NA	NA	NA	NA	NA	NA	NA	NA	NA	NA	FALSE
S2C14	TRUE	TIGR00922-aln	2337	87	-0.4962293985	11.28707278	0.6767748303	0.8624387218	-4.747498523	core	NA	NA	NA	NA	NA	NA	NA	NA	NA	NA	FALSE
S2C14	TRUE	TIGR00928-aln	7531	93	-2.088110014	12.93450781	0.08728561899	0.3222853624	-6.339466919	core	NA	NA	NA	NA	NA	NA	NA	NA	NA	NA	FALSE
S2C14	TRUE	TIGR00959-aln	8885	465	-0.004860097304	13.58080344	0.9973384185	1	-4.256069155	core	NA	NA	NA	NA	NA	NA	NA	NA	NA	NA	FALSE
S2C14	TRUE	TIGR00963-aln	17269	1026	0.1781247159	14.75274598	0.8789374602	0.9375061794	-4.073081907	core	NA	NA	NA	NA	NA	NA	NA	NA	NA	NA	FALSE
S2C14	TRUE	TIGR00967-aln	5115	72	-1.899201683	12.18950648	0.1185363093	0.3879370122	-6.150593523	core	NA	NA	NA	NA	NA	NA	NA	NA	NA	NA	FALSE
S2C14	TRUE	TIGR01009-aln	3603	168	-0.1714445847	12.31549985	0.8854225028	0.9375061794	-4.422665514	core	NA	NA	NA	NA	NA	NA	NA	NA	NA	NA	FALSE
S2C14	TRUE	TIGR01011-aln	2976	46	-1.764111933	11.61610344	0.1487533164	0.4200093641	-6.015596855	core	NA	NA	NA	NA	NA	NA	NA	NA	NA	NA	FALSE
S2C14	TRUE	TIGR01017-aln	2601	120	-0.1867329552	11.43938438	0.8756453872	0.9375061794	-4.437960088	core	NA	NA	NA	NA	NA	NA	NA	NA	NA	NA	FALSE
S2C14	TRUE	TIGR01021-aln	1978	70	-0.569250956	11.05999538	0.6353307666	0.8618670006	-4.820543694	core	NA	NA	NA	NA	NA	NA	NA	NA	NA	NA	FALSE
S2C14	TRUE	TIGR01029-aln	2973	108	-0.5315559688	11.91307569	0.655562806	0.8618670006	-4.782816246	core	NA	NA	NA	NA	NA	NA	NA	NA	NA	NA	FALSE
S2C14	TRUE	TIGR01032-aln	2648	165	0.2468233853	12.175603	0.8347513165	0.9375061794	-4.004365193	core	NA	NA	NA	NA	NA	NA	NA	NA	NA	NA	FALSE
S2C14	TRUE	TIGR01039-aln	15242	1291	0.6897090689	14.87376049	0.5565700065	0.8095563731	-3.561491315	core	NA	NA	NA	NA	NA	NA	NA	NA	NA	NA	FALSE
S2C14	TRUE	TIGR01044-aln	1256	32	-1.043122403	10.40555564	0.3937995834	0.6750850001	-5.294620749	core	NA	NA	NA	NA	NA	NA	NA	NA	NA	NA	FALSE
S2C14	TRUE	TIGR01059-aln	12788	757	0.172852363	14.35986283	0.8825864761	0.9375061794	-4.078353539	core	NA	NA	NA	NA	NA	NA	NA	NA	NA	NA	FALSE
S2C14	TRUE	TIGR01063-aln	19032	1178	0.2371904652	14.91774243	0.8392265557	0.9375061794	-4.014015733	core	NA	NA	NA	NA	NA	NA	NA	NA	NA	NA	FALSE
S2C14	TRUE	TIGR01066-aln	2543	91	-0.5532491955	11.75998565	0.6408342244	0.8618670006	-4.804521106	core	NA	NA	NA	NA	NA	NA	NA	NA	NA	NA	FALSE
S2C14	TRUE	TIGR01071-aln	1632	30	-1.513936078	10.67174615	0.2146673389	0.5239338441	-5.765534746	core	NA	NA	NA	NA	NA	NA	NA	NA	NA	NA	FALSE
S2C14	TRUE	TIGR01079-aln	1240	13	-2.323368538	10.27797323	0.07023597425	0.2889708655	-6.575684687	core	NA	NA	NA	NA	NA	NA	NA	NA	NA	NA	FALSE
S2C14	TRUE	TIGR01082-aln	4623	38	-2.675077861	12.07778117	0.03324992173	0.1683092796	-6.926686134	core	NA	NA	NA	NA	NA	NA	NA	NA	NA	NA	FALSE
S2C14	TRUE	TIGR01087-aln	4355	13	-4.135503493	11.80499501	0.00223522052	0.04023396936	-8.388017285	core	NA	NA	NA	NA	NA	NA	NA	NA	NA	NA	TRUE
S2C14	TRUE	TIGR01128-aln	3186	18	-3.215504814	11.3678868	0.01332521951	0.09594158046	-7.46760555	core	NA	NA	NA	NA	NA	NA	NA	NA	NA	NA	FALSE
S2C14	TRUE	TIGR01146-aln	5193	58	-2.232918353	12.18141791	0.06974839179	0.2889708655	-6.484371515	core	NA	NA	NA	NA	NA	NA	NA	NA	NA	NA	FALSE
S2C14	TRUE	TIGR01164-aln	3258	353	1.044908211	12.79951762	0.3767623713	0.6536600177	-3.206246515	core	NA	NA	NA	NA	NA	NA	NA	NA	NA	NA	FALSE
S2C14	TRUE	TIGR01169-aln	3891	244	0.2560066802	12.44624906	0.8267878345	0.9375061794	-3.995187927	core	NA	NA	NA	NA	NA	NA	NA	NA	NA	NA	FALSE
S2C14	TRUE	TIGR01171-aln	5791	387	0.3477892263	13.31266556	0.7668209449	0.9153246706	-3.903407025	core	NA	NA	NA	NA	NA	NA	NA	NA	NA	NA	FALSE
S2C14	TRUE	TIGR01391-aln	7511	160	-1.30158542	12.85436198	0.2750802895	0.5990244581	-5.552861188	core	NA	NA	NA	NA	NA	NA	NA	NA	NA	NA	FALSE
S2C14	TRUE	TIGR01393-aln	13860	1085	0.5760404786	14.64690823	0.6230078189	0.8618670006	-3.67516031	core	NA	NA	NA	NA	NA	NA	NA	NA	NA	NA	FALSE
S2C14	TRUE	TIGR01394-aln	9190	649	0.4274248882	13.75585784	0.7151871186	0.887818492	-3.823774478	core	NA	NA	NA	NA	NA	NA	NA	NA	NA	NA	FALSE
S2C14	TRUE	TIGR01510-aln	1923	25	-2.013536508	10.92841112	0.1054735656	0.3616236533	-6.265286858	core	NA	NA	NA	NA	NA	NA	NA	NA	NA	NA	FALSE
S2C14	TRUE	TIGR01632-aln	2367	163	0.3910587178	12.03089223	0.7396878872	0.9026699641	-3.860115837	core	NA	NA	NA	NA	NA	NA	NA	NA	NA	NA	FALSE
S2C14	TRUE	TIGR01951-aln	1842	11	-3.134967864	10.68996571	0.01691334545	0.1107055339	-7.387625727	core	NA	NA	NA	NA	NA	NA	NA	NA	NA	NA	FALSE
S2C14	TRUE	TIGR01953-aln	5437	130	-1.134942984	12.47844011	0.3398746996	0.6269967771	-5.3862273	core	NA	NA	NA	NA	NA	NA	NA	NA	NA	NA	FALSE
S2C14	TRUE	TIGR02012-aln	9116	1124	1.231428457	14.45292751	0.2984825261	0.5990244581	-3.019758889	core	NA	NA	NA	NA	NA	NA	NA	NA	NA	NA	FALSE
S2C14	TRUE	TIGR02013-aln	23297	2042	0.7391136138	15.42046553	0.5287690395	0.7856816624	-3.512089417	core	NA	NA	NA	NA	NA	NA	NA	NA	NA	NA	FALSE
S2C14	TRUE	TIGR02027-aln	3605	84	-1.17213804	11.73692261	0.3269840288	0.6115025993	-5.423466121	core	NA	NA	NA	NA	NA	NA	NA	NA	NA	NA	FALSE
S2C14	TRUE	TIGR02075-aln	3738	137	-0.5187701722	12.32200991	0.6606104116	0.8618670006	-4.770018771	core	NA	NA	NA	NA	NA	NA	NA	NA	NA	NA	FALSE
S2C14	TRUE	TIGR02191-aln	1520	10	-2.99514566	10.51041298	0.02301082209	0.1369683041	-7.247927513	core	NA	NA	NA	NA	NA	NA	NA	NA	NA	NA	FALSE
S2C14	TRUE	TIGR02273-aln	1781	7	-3.737531954	10.58255343	0.006265497948	0.0694024388	-7.991116879	core	NA	NA	NA	NA	NA	NA	NA	NA	NA	NA	TRUE
S2C14	TRUE	TIGR02350-aln	22502	2068	0.8074572557	15.66539722	0.4917911554	0.7614830793	-3.443745145	core	NA	NA	NA	NA	NA	NA	NA	NA	NA	NA	FALSE
S2C14	TRUE	TIGR02397-aln	6800	317	-0.1717647018	13.22730241	0.8841977931	0.9375061794	-4.422980001	core	NA	NA	NA	NA	NA	NA	NA	NA	NA	NA	FALSE
S2C14	TRUE	TIGR02432-aln	2906	39	-1.967864427	11.39558019	0.1092150677	0.3657434826	-6.219416769	core	NA	NA	NA	NA	NA	NA	NA	NA	NA	NA	FALSE
S2C14	TRUE	TIGR02729-aln	6142	377	0.2251287828	13.228556	0.8478256842	0.9375061794	-4.026072084	core	NA	NA	NA	NA	NA	NA	NA	NA	NA	NA	FALSE
S2C14	TRUE	TIGR03263-aln	2028	34	-1.646809972	11.11395228	0.1787413216	0.4596205412	-5.898379096	core	NA	NA	NA	NA	NA	NA	NA	NA	NA	NA	FALSE
S2C14	TRUE	TIGR03594-aln	5293	88	-1.659089662	12.2472608	0.16941449	0.4444986297	-5.91043832	core	NA	NA	NA	NA	NA	NA	NA	NA	NA	NA	FALSE
S2C14	TRUE	TIGR03625-aln	2245	43	-1.454760258	11.1855908	0.2303833621	0.5438558057	-5.706234975	core	NA	NA	NA	NA	NA	NA	NA	NA	NA	NA	FALSE
S2C14	TRUE	TIGR03632-aln	2527	103	-0.3654613991	11.77693734	0.7581659226	0.9153246706	-4.616709422	core	NA	NA	NA	NA	NA	NA	NA	NA	NA	NA	FALSE
S2C14	TRUE	TIGR03654-aln	2153	105	-0.1066659452	11.56176561	0.9318906927	0.9654119406	-4.357887087	core	NA	NA	NA	NA	NA	NA	NA	NA	NA	NA	FALSE
S2C14	TRUE	TIGR03723-aln	5193	147	-0.8914148168	12.49264994	0.4516069175	0.7353445026	-5.142680165	core	NA	NA	NA	NA	NA	NA	NA	NA	NA	NA	FALSE
S2C14	TRUE	TIGR03725-aln	265	10	-0.4762057214	8.953891844	0.7329455502	0.902086831	-4.727920455	core	NA	NA	NA	NA	NA	NA	NA	NA	NA	NA	FALSE
S2C14	TRUE	TIGR03953-aln	1898	28	-1.831238437	10.86172908	0.1377410335	0.4108043982	-6.082909355	core	NA	NA	NA	NA	NA	NA	NA	NA	NA	NA	FALSE
S2C14	FALSE	top_IRVE-Topoiso	4	15	6.076076121	8.33047778	2.76E-04	0.01985183803	1.906890596	Replication	Topoisomerase	215.6	2	#823692	Homology & Context	Topoisom_I	NA	top	NA	NA	TRUE
S2C14	FALSE	unk_IRVE-1	34	50	4.797918375	13.54887994	7.02E-04	0.02302741132	0.5563933485	Conserved-Unknown	NA	144.8	2	gray50	NA	NA	NA	NA	NA	NA	TRUE
S2C14	FALSE	YR_IRVE-2	96	17	1.751202231	8.414672985	0.1697737822	0.4444986297	-2.497499659	Integration	Tyrosine Recombinase	152.6	2	#ffc300	Homology & Context & Catalytic Site	NA	NA	IntY_IRVE-Y2	NA	NA	FALSE
S2C14	FALSE	YR_IRVE-3	62	142	5.441369934	15.26985914	1.26E-04	0.01811583087	1.195550809	Integration	Arm-less Tyrosine Recombinase	205.8	2	#fbe8aa	Homology & Context & Catalytic Site	NA	NA	IntY_IRVE-Y3	NA	NA	TRUE
S2C14	FALSE	YR_IRVE-4	34	5	1.4792249	7.044495087	0.3036721211	0.5990244581	-2.765534746	Integration	Tyrosine Recombinase	277.4	2	#ffc300	Homology & Context & Catalytic Site	NA	NA	IntY_IRVE-Y4	NA	NA	FALSE
S2C14	FALSE	YR_IRVE-5	84	17	1.943338718	7.992518629	0.1397876077	0.4108043982	-2.304854582	Integration	Tyrosine Recombinase	405.9	2	#ffc300	Homology & Context & Catalytic Site	NA	NA	IntY_IRVE-Y5	NA	NA	FALSE
S2C14	FALSE	YR_IRVE-6	47	7	1.49927071	6.747136028	0.2846159998	0.5990244581	-2.74723393	Integration	Tyrosine Recombinase	705.3	2	#ffc300	Homology & Context & Catalytic Site	NA	NA	IntY_IRVE-Y6	NA	NA	FALSE
S2C14	FALSE	YR_IRVE-8	9	13	4.745525521	10.74476412	0.001775713234	0.03652895795	0.5305147167	Integration	Tyrosine Recombinase	296.4	2	#ffc300	Homology & Context & Catalytic Site	NA	NA	IntY_IRVE-Y8	NA	NA	TRUE
S2C14	FALSE	YR_IRVE-A	42	38	4.099156448	11.25893418	0.002993895709	0.04790233135	-0.1443899093	Integration	Tyrosine Recombinase	409.6	2	#ffc300	Homology & Context & Catalytic Site	NA	NA	IntY_IRVE-YA	NA	NA	TRUE
S2C14	FALSE	YR_IRVE-M	29	12	2.96792083	10.0803673	0.03506443326	0.1683092796	-1.273018494	Integration	Tyrosine Recombinase	384.2	2	#ffc300	Homology & Context & Catalytic Site	NA	NA	IntY_IRVE-YM	NA	NA	FALSE
S2C14	FALSE	YR_IRVE-P	89	9	0.9435533346	11.80626069	0.4834064851	0.7566362375	-3.30580843	Integration	Tyrosine Recombinase	305.8	2	#ffc300	Homology & Context & Catalytic Site	NA	NA	IntY_IRVE-YP	NA	NA	FALSE
S2C14	FALSE	YR_IRVE-R	11	26	5.462087911	11.48595023	4.57E-04	0.02195864036	1.2410081	Integration	Tyrosine Recombinase	446.3	2	#ffc300	Homology & Context & Catalytic Site	NA	NA	IntY_IRVE-YR	NA	NA	TRUE
S2C14	FALSE	YR_IRVE-S	82	46	3.413437045	12.92229806	0.009553232295	0.07642585836	-0.8339900486	Integration	Tyrosine Recombinase	387.6	2	#ffc300	Homology & Context & Catalytic Site	NA	NA	IntY_IRVE-YS	NA	NA	TRUE
S2C14	FALSE	YR_IRVE-T1	262	34	1.304470585	11.92659835	0.2933345604	0.5990244581	-2.94596016	Integration	Tyrosine Recombinase	605.6	2	#ffc300	Homology & Context & Catalytic Site	NA	NA	IntY_IRVE-YT1	NA	NA	FALSE
S2C14	FALSE	YR_Pro	3607	43	-2.138786604	11.62928141	0.08329017956	0.3156259436	-6.390318953	Integration	Tyrosine Recombinase	459.3	-5	#ffc300	Homology & Context & Catalytic Site	NA	NA	IntY_IRVE-Y1	NA	Core gene	FALSE
S2C14	FALSE	YR_SM-CTnDOT	14	12	4.006043542	10.23402612	0.005426227478	0.06511472974	-0.2223924213	Integration	Tyrosine Recombinase	216	2	#ffc300	Reference	NA	NA	IntY_CTnDOT	NA	NA	TRUE
S2C14	FALSE	YR_SM-Cyan	273	25	0.8017728986	8.873615896	0.5132716328	0.7788384925	-3.448900951	Integration	Tyrosine Recombinase	237	2	#ffc300	Reference	NA	NA	IntY_Cyan	NA	NA	FALSE
S2C14	FALSE	YR_SM-Integron	12	22	5.098218122	5.719064074	8.00E-04	0.02302741132	0.8744691179	Integration	Tyrosine Recombinase	271	2	#ffc300	Reference	NA	NA	IntY_Integron	NA	NA	TRUE
S2C14	FALSE	YR_SM-P2	138	3	-1.268848256	8.761779922	0.4180517062	0.6999935545	-5.523561956	Integration	Tyrosine Recombinase	200	2	#ffc300	Reference	NA	NA	IntY_P2	NA	NA	FALSE
S2C14	FALSE	YR_SM-SXT	52	10	1.867920684	7.250575382	0.1593260682	0.4412106504	-2.378511623	Integration	Tyrosine Recombinase	300	2	#ffc300	Reference	NA	NA	IntY_SXT	NA	NA	FALSE
S2C14	FALSE	YR_SM-Xer	1750	181	0.9778192197	12.02561128	0.4103327569	0.6951519645	-3.27329332	Integration	Tyrosine Recombinase	230	2	#ffc300	Reference	NA	NA	IntY_Xer	NA	NA	FALSE
S2C15	FALSE	hel_IRVE-D5	19	259	8.024884522	10.70586328	9.12E-07	1.64E-05	3.768880774	Replication	Helicase	22.2	2	#823692	Homology & Context	D5, PPV_E1, VirE	NA	hel-vir	pri-4-pro	Helicase Superfamily 3 (https://en.wikipedia.org/wiki/Helicase, Kazlauskas D, Krupovic M, Venclovas Č. The logic of DNA replication in double-stranded DNA viruses: insights from global analysis of viral genomes. Nucleic Acids Res. 2016;44: 4551–4564. doi:10.1093/nar/gkw322)	TRUE
S2C15	FALSE	hel_IRVE-DnaB	95	66	3.745074743	8.823988199	0.004876610029	0.02925966017	-0.525461489	Replication	Helicase	22.1	2	#823692	Homology & Context	Rad51, AAA+, DnaB, RecA	NA	hel-Rad51	pri-2-pro	Helicase Superfamily 4 (https://en.wikipedia.org/wiki/Helicase, Kazlauskas D, Krupovic M, Venclovas Č. The logic of DNA replication in double-stranded DNA viruses: insights from global analysis of viral genomes. Nucleic Acids Res. 2016;44: 4551–4564. doi:10.1093/nar/gkw322)	TRUE
S2C15	FALSE	hel_IRVE-VirE	158	1715	7.711926634	14.12326829	6.91E-07	1.42E-05	3.440212113	Replication	Helicase	34.2	2	#823692	Homology & Context	VirE, RNA_helicase, PPV_E1_C	NA	hel-VirE	pri-1-pro	Helicase Superfamily 3 (https://en.wikipedia.org/wiki/Helicase, Kazlauskas D, Krupovic M, Venclovas Č. The logic of DNA replication in double-stranded DNA viruses: insights from global analysis of viral genomes. Nucleic Acids Res. 2016;44: 4551–4564. doi:10.1093/nar/gkw322)	TRUE
S2C15	FALSE	lig_IRVE-NAD	3697	220	0.2030813006	12.44112536	0.8621505629	0.9569478613	-4.070779615	Replication	Ligase	98.1	2	#ae9cc7	Homology & Context	DNA_ligase_aden	NA	NA	lig-1-pro	NA	FALSE
S2C15	FALSE	LSR_IRVE	24	44	5.134525966	8.113205374	4.75E-04	0.003254659941	0.8744691179	Integration	Large Serine Recombinase	511.1	2	#ff8d1a	Homology & Context & Catalytic Site	NA	NA	IntS_IRVE-S3	NA	Long, full-length Serine Resolvase/Recombinase	TRUE
S2C15	FALSE	MCP_IRVE-HK97	146	728	6.589520496	13.2020626	8.61E-06	9.54E-05	2.317970081	Packaging-Interference	Major capsid protein	576.7	2	#00baad	Homology	Phage_capsid, Peptidase_S78	PF05065, PF04586	capsid-1-pro	NA	MCP + caudovirus serine prohead protease	TRUE
S2C15	FALSE	pri_IRVE-Prim-Pol	22	321	8.125421365	11.21731166	4.50E-07	1.08E-05	3.866997868	Replication	Primase, Polymerase	28.5	2	#823692	Homology & Context	Prim-Pol	PF09250.11	pri-pol	pri-3-pro	NA	TRUE
S2C15	FALSE	pri_IRVE-Toprim	12	124	7.614950438	9.778299547	2.70E-06	4.32E-05	3.36923381	Replication	Primase	42.4	2	#823692	Homology & Context	DUF3854, Toprim	NA	pri-top	pri-4-pro	NA	TRUE
S2C15	FALSE	reg_IRVE	29	38	4.652508557	7.544414215	0.001129811111	0.007395127274	0.3899465183	Regulation-Excision	Transcriptional regulator	99.3	2	#e8006a	Context	HTH_17, TFIIE_alpha, MerR_1	PF12728.7, PF02002.17, PF13411.6	terS-1-pro	NA	NA	TRUE
S2C15	FALSE	rep_IRVE-10	6	24	6.21855717	5.58227994	2.30E-04	0.001739779923	2	Replication	Replication factor	227.3	2	#ae9cc7	Context	NA	NA	rep-10	s17	NA	TRUE
S2C15	FALSE	rep_IRVE-7	5	50	7.529147113	8.070477985	4.92E-06	7.08E-05	3.321928095	Replication	Replication factor	114.3	2	#ae9cc7	Context	NA	NA	rep-7	s08	NA	TRUE
S2C15	FALSE	SSR_IRVE-2	26	15	3.468375074	6.34008458	0.01302232544	0.06466258147	-0.7935491225	Integration	Small Serine Recombinase	189.1	2	#fcbc7b	Homology & Context & Catalytic Site	NA	NA	IntS_IRVE-S4	NA	Short, Resolvase only, DNA-Invertase? - don't seed!!	FALSE
S2C15	FALSE	SSR_Pro	2886	24	-2.635400334	10.94968281	0.03746158952	0.1498463581	-6.909893084	Integration	Small Serine Recombinase	291.2	-5	#fcbc7b	Homology & Context & Catalytic Site	NA	NA	IntS_IRVE-S1	NA	Core gene	FALSE
S2C15	FALSE	terS_IRVE	29	467	8.271431292	12.67314002	3.36E-07	9.67E-06	4.009297745	Packaging-Interference	Terminase small subunit (ATPase)	121.1	2	#9ae7e1	Homology	Phage_term_sma, GP3_package	PF07141, PF16677	terS-2-pro	NA	Siphovirus-like - antisipho??	TRUE
S2C15	TRUE	TIGR00006-aln	3401	65	-1.435330502	11.59672282	0.2328818131	0.4691093595	-5.709375478	core	NA	NA	NA	NA	NA	NA	NA	NA	NA	NA	FALSE
S2C15	TRUE	TIGR00019-aln	6117	210	-0.5904615938	13.06278309	0.6163621714	0.8787737889	-4.864363043	core	NA	NA	NA	NA	NA	NA	NA	NA	NA	NA	FALSE
S2C15	TRUE	TIGR00020-aln	5470	202	-0.4852154736	12.79394786	0.68080108	0.8994069314	-4.759113635	core	NA	NA	NA	NA	NA	NA	NA	NA	NA	NA	FALSE
S2C15	TRUE	TIGR00029-aln	880	27	-0.7523323285	9.660762955	0.5393068447	0.8182991187	-5.026472211	core	NA	NA	NA	NA	NA	NA	NA	NA	NA	NA	FALSE
S2C15	TRUE	TIGR00043-aln	1458	24	-1.650436125	10.26488114	0.181110659	0.4012297676	-5.924812504	core	NA	NA	NA	NA	NA	NA	NA	NA	NA	NA	FALSE
S2C15	TRUE	TIGR00054-aln	3916	55	-1.879697521	11.53866405	0.1236835457	0.3238260107	-6.153805336	core	NA	NA	NA	NA	NA	NA	NA	NA	NA	NA	FALSE
S2C15	TRUE	TIGR00059-aln	1369	21	-1.752122753	10.39145006	0.1583515209	0.3800436502	-6.026589308	core	NA	NA	NA	NA	NA	NA	NA	NA	NA	NA	FALSE
S2C15	TRUE	TIGR00061-aln	1385	16	-2.160937179	10.41941916	0.08644301233	0.282904404	-6.435670261	core	NA	NA	NA	NA	NA	NA	NA	NA	NA	NA	FALSE
S2C15	TRUE	TIGR00064-aln	6227	246	-0.3879169723	13.11038439	0.7417452325	0.9182838219	-4.661807059	core	NA	NA	NA	NA	NA	NA	NA	NA	NA	NA	FALSE
S2C15	TRUE	TIGR00065-aln	5076	279	0.08851403306	13.09920081	0.9402506289	0.9881173371	-4.185355042	core	NA	NA	NA	NA	NA	NA	NA	NA	NA	NA	FALSE
S2C15	TRUE	TIGR00082-aln	1299	18	-1.898667045	10.13738469	0.1298598057	0.3321032935	-6.173260714	core	NA	NA	NA	NA	NA	NA	NA	NA	NA	NA	FALSE
S2C15	TRUE	TIGR00083-aln	3440	18	-3.303509886	11.39171133	0.01136879974	0.05846811295	-7.578267848	core	NA	NA	NA	NA	NA	NA	NA	NA	NA	NA	FALSE
S2C15	TRUE	TIGR00084-aln	1441	35	-1.089430052	10.46293996	0.3697101017	0.6450935682	-5.363571603	core	NA	NA	NA	NA	NA	NA	NA	NA	NA	NA	FALSE
S2C15	TRUE	TIGR00086-aln	2249	9	-3.689453887	10.88174929	0.006236506588	0.03592227795	-7.965142944	core	NA	NA	NA	NA	NA	NA	NA	NA	NA	NA	TRUE
S2C15	TRUE	TIGR00088-aln	6087	128	-1.297560401	12.59327544	0.2768500434	0.5245579769	-5.57151565	core	NA	NA	NA	NA	NA	NA	NA	NA	NA	NA	FALSE
S2C15	TRUE	TIGR00090-aln	1385	17	-2.073539466	10.23874068	0.1004248911	0.2911781178	-6.34820742	core	NA	NA	NA	NA	NA	NA	NA	NA	NA	NA	FALSE
S2C15	TRUE	TIGR00092-aln	8158	468	0.1502338661	13.7741154	0.8980733982	0.9773969705	-4.123635072	core	NA	NA	NA	NA	NA	NA	NA	NA	NA	NA	FALSE
S2C15	TRUE	TIGR00115-aln	5112	83	-1.670613103	12.0099573	0.166864929	0.393910652	-5.94463269	core	NA	NA	NA	NA	NA	NA	NA	NA	NA	NA	FALSE
S2C15	TRUE	TIGR00116-aln	2760	63	-1.179142412	11.40060446	0.3252840264	0.5929227823	-5.453172628	core	NA	NA	NA	NA	NA	NA	NA	NA	NA	NA	FALSE
S2C15	TRUE	TIGR00138-aln	2357	18	-2.758098883	10.77940343	0.03065836333	0.1337819491	-7.032811042	core	NA	NA	NA	NA	NA	NA	NA	NA	NA	NA	FALSE
S2C15	TRUE	TIGR00158-aln	1851	38	-1.332007382	10.64016381	0.2717198693	0.5245579769	-5.606161666	core	NA	NA	NA	NA	NA	NA	NA	NA	NA	NA	FALSE
S2C15	TRUE	TIGR00166-aln	1388	26	-1.464044409	10.34264908	0.2345546798	0.4691093595	-5.738352134	core	NA	NA	NA	NA	NA	NA	NA	NA	NA	NA	FALSE
S2C15	TRUE	TIGR00168-aln	3838	160	-0.3103163621	12.31176081	0.7933578806	0.9288092261	-4.584210901	core	NA	NA	NA	NA	NA	NA	NA	NA	NA	NA	FALSE
S2C15	TRUE	TIGR00186-aln	2979	29	-2.408262251	11.33446293	0.05466480284	0.1874221812	-6.682631413	core	NA	NA	NA	NA	NA	NA	NA	NA	NA	NA	FALSE
S2C15	TRUE	TIGR00194-aln	8080	149	-1.487021429	12.68619852	0.2142532485	0.4537127616	-5.760971057	core	NA	NA	NA	NA	NA	NA	NA	NA	NA	NA	FALSE
S2C15	TRUE	TIGR00250-aln	1455	18	-2.062256466	10.31035312	0.1003070878	0.2911781178	-6.336878436	core	NA	NA	NA	NA	NA	NA	NA	NA	NA	NA	FALSE
S2C15	TRUE	TIGR00337-aln	11964	621	0.005910241539	14.29459962	0.996196556	1	-4.267962737	core	NA	NA	NA	NA	NA	NA	NA	NA	NA	NA	FALSE
S2C15	TRUE	TIGR00344-aln	13492	510	-0.4515807283	14.04835454	0.7001912653	0.9064866445	-4.725463166	core	NA	NA	NA	NA	NA	NA	NA	NA	NA	NA	FALSE
S2C15	TRUE	TIGR00362-aln	6781	174	-1.01041443	12.89246586	0.3936777529	0.66301464	-5.284338833	core	NA	NA	NA	NA	NA	NA	NA	NA	NA	NA	FALSE
S2C15	TRUE	TIGR00382-aln	10019	735	0.5050125265	14.37217654	0.6664657797	0.8969259091	-3.76885046	core	NA	NA	NA	NA	NA	NA	NA	NA	NA	NA	FALSE
S2C15	TRUE	TIGR00392-aln	13838	357	-1.002669591	13.75291122	0.3959670766	0.66301464	-5.276567561	core	NA	NA	NA	NA	NA	NA	NA	NA	NA	NA	FALSE
S2C15	TRUE	TIGR00396-aln	16797	813	-0.09492993909	14.69238308	0.9355813973	0.9881173371	-4.368804423	core	NA	NA	NA	NA	NA	NA	NA	NA	NA	NA	FALSE
S2C15	TRUE	TIGR00398-aln	7733	72	-2.472812546	12.70451549	0.04600952146	0.1743518708	-6.746887496	core	NA	NA	NA	NA	NA	NA	NA	NA	NA	NA	FALSE
S2C15	TRUE	TIGR00414-aln	8112	624	0.5734195118	13.98526523	0.6249051741	0.8794584424	-3.700439718	core	NA	NA	NA	NA	NA	NA	NA	NA	NA	NA	FALSE
S2C15	TRUE	TIGR00416-aln	5257	296	0.123297098	12.88229599	0.916602693	0.985005879	-4.150570654	core	NA	NA	NA	NA	NA	NA	NA	NA	NA	NA	FALSE
S2C15	TRUE	TIGR00420-aln	4089	50	-2.079532412	11.72220337	0.09065860738	0.2838008579	-6.353676158	core	NA	NA	NA	NA	NA	NA	NA	NA	NA	NA	FALSE
S2C15	TRUE	TIGR00431-aln	2889	38	-1.974206129	11.23426506	0.1082955634	0.3057757085	-6.248426975	core	NA	NA	NA	NA	NA	NA	NA	NA	NA	NA	FALSE
S2C15	TRUE	TIGR00435-aln	6809	306	-0.2019587115	13.35110624	0.8639112637	0.9569478613	-4.475839375	core	NA	NA	NA	NA	NA	NA	NA	NA	NA	NA	FALSE
S2C15	TRUE	TIGR00436-aln	3637	62	-1.600272187	11.61800468	0.1852722414	0.4042303449	-5.8743369	core	NA	NA	NA	NA	NA	NA	NA	NA	NA	NA	FALSE
S2C15	TRUE	TIGR00442-aln	5252	230	-0.2392762745	12.86589659	0.839370556	0.9569478613	-4.51316115	core	NA	NA	NA	NA	NA	NA	NA	NA	NA	NA	FALSE
S2C15	TRUE	TIGR00445-aln	4012	96	-1.111171116	11.93535751	0.3507199701	0.6235021691	-5.38514339	core	NA	NA	NA	NA	NA	NA	NA	NA	NA	NA	FALSE
S2C15	TRUE	TIGR00456-aln	7654	245	-0.6914595988	12.93054151	0.5572951006	0.8273246854	-4.965360247	core	NA	NA	NA	NA	NA	NA	NA	NA	NA	NA	FALSE
S2C15	TRUE	TIGR00459-aln	10335	590	0.1431903363	14.19023461	0.9027347019	0.9773969705	-4.130679624	core	NA	NA	NA	NA	NA	NA	NA	NA	NA	NA	FALSE
S2C15	TRUE	TIGR00460-aln	4360	163	-0.4674810679	12.49675119	0.692516617	0.9064866445	-4.741384265	core	NA	NA	NA	NA	NA	NA	NA	NA	NA	NA	FALSE
S2C15	TRUE	TIGR00468-aln	6151	265	-0.2628724721	13.06339039	0.823428162	0.9485892426	-4.536756711	core	NA	NA	NA	NA	NA	NA	NA	NA	NA	NA	FALSE
S2C15	TRUE	TIGR00472-aln	9090	134	-1.810007727	12.70056254	0.1340604156	0.3328396526	-6.083975389	core	NA	NA	NA	NA	NA	NA	NA	NA	NA	NA	FALSE
S2C15	TRUE	TIGR00487-aln	13167	460	-0.5652634159	14.10896523	0.6301481143	0.8794584424	-4.839149005	core	NA	NA	NA	NA	NA	NA	NA	NA	NA	NA	FALSE
S2C15	TRUE	TIGR00496-aln	2731	45	-1.649219073	11.36298884	0.1758721088	0.3986894639	-5.923360502	core	NA	NA	NA	NA	NA	NA	NA	NA	NA	NA	FALSE
S2C15	TRUE	TIGR00539-aln	4277	41	-2.430606246	11.65553828	0.05128050671	0.1846098241	-6.704831487	core	NA	NA	NA	NA	NA	NA	NA	NA	NA	NA	FALSE
S2C15	TRUE	TIGR00580-aln	14837	610	-0.3303673159	14.23821623	0.7779904603	0.9182838219	-4.60424636	core	NA	NA	NA	NA	NA	NA	NA	NA	NA	NA	FALSE
S2C15	TRUE	TIGR00593-aln	14977	398	-0.9599416898	14.01502239	0.4159317389	0.6884387403	-5.23383643	core	NA	NA	NA	NA	NA	NA	NA	NA	NA	NA	FALSE
S2C15	TRUE	TIGR00615-aln	2430	85	-0.5634091393	11.17342956	0.6351644306	0.8794584424	-4.837349662	core	NA	NA	NA	NA	NA	NA	NA	NA	NA	NA	FALSE
S2C15	TRUE	TIGR00631-aln	16466	1095	0.3633811019	15.04707592	0.7560692726	0.9182838219	-3.910487356	core	NA	NA	NA	NA	NA	NA	NA	NA	NA	NA	FALSE
S2C15	TRUE	TIGR00634-aln	1168	6	-3.328330894	10.45658896	0.01496513905	0.07059111034	-7.604862058	core	NA	NA	NA	NA	NA	NA	NA	NA	NA	NA	FALSE
S2C15	TRUE	TIGR00635-aln	4598	302	0.3454712013	12.94466606	0.7685880721	0.9182838219	-3.928386011	core	NA	NA	NA	NA	NA	NA	NA	NA	NA	NA	FALSE
S2C15	TRUE	TIGR00643-aln	12590	412	-0.6596012504	13.82124549	0.574643412	0.835844963	-4.933490135	core	NA	NA	NA	NA	NA	NA	NA	NA	NA	NA	FALSE
S2C15	TRUE	TIGR00663-aln	4602	64	-1.893969717	11.85540929	0.1197045604	0.3201445212	-6.168045268	core	NA	NA	NA	NA	NA	NA	NA	NA	NA	NA	FALSE
S2C15	TRUE	TIGR00755-aln	3115	69	-1.222472081	11.2313238	0.3083722365	0.5693025904	-5.496491991	core	NA	NA	NA	NA	NA	NA	NA	NA	NA	NA	FALSE
S2C15	TRUE	TIGR00810-aln	855	0	-11.81289598	9.546941718	1.45E-04	0.001226056384	-Inf	core	NA	NA	NA	NA	NA	NA	NA	NA	NA	NA	TRUE
S2C15	TRUE	TIGR00922-aln	2664	66	-1.060971298	11.28707278	0.3750424511	0.6450935682	-5.334984248	core	NA	NA	NA	NA	NA	NA	NA	NA	NA	NA	FALSE
S2C15	TRUE	TIGR00928-aln	7985	152	-1.441202404	12.93450781	0.228152809	0.4691093595	-5.715149179	core	NA	NA	NA	NA	NA	NA	NA	NA	NA	NA	FALSE
S2C15	TRUE	TIGR00959-aln	8963	351	-0.4005534208	13.58080344	0.7330639158	0.9182838219	-4.674438761	core	NA	NA	NA	NA	NA	NA	NA	NA	NA	NA	FALSE
S2C15	TRUE	TIGR00963-aln	17831	891	-0.04894461331	14.75274598	0.9669037386	0.9882108317	-4.322818373	core	NA	NA	NA	NA	NA	NA	NA	NA	NA	NA	FALSE
S2C15	TRUE	TIGR00967-aln	5765	79	-1.915286147	12.18950648	0.1151898993	0.3189874135	-6.189324144	core	NA	NA	NA	NA	NA	NA	NA	NA	NA	NA	FALSE
S2C15	TRUE	TIGR01009-aln	3723	160	-0.2664300267	12.31549985	0.8222138313	0.9485892426	-4.540321806	core	NA	NA	NA	NA	NA	NA	NA	NA	NA	NA	FALSE
S2C15	TRUE	TIGR01011-aln	3338	106	-0.7029101892	11.61610344	0.5542025864	0.8273246854	-4.976847785	core	NA	NA	NA	NA	NA	NA	NA	NA	NA	NA	FALSE
S2C15	TRUE	TIGR01017-aln	2684	33	-2.071492396	11.43938438	0.09373077439	0.2871751386	-6.345774837	core	NA	NA	NA	NA	NA	NA	NA	NA	NA	NA	FALSE
S2C15	TRUE	TIGR01021-aln	2252	73	-0.6732029047	11.05999538	0.5741456646	0.835844963	-4.947166553	core	NA	NA	NA	NA	NA	NA	NA	NA	NA	NA	FALSE
S2C15	TRUE	TIGR01029-aln	3137	78	-1.055776553	11.91307569	0.3763045815	0.6450935682	-5.329767595	core	NA	NA	NA	NA	NA	NA	NA	NA	NA	NA	FALSE
S2C15	TRUE	TIGR01032-aln	2572	101	-0.3965481662	12.175603	0.7381837353	0.9182838219	-4.670463445	core	NA	NA	NA	NA	NA	NA	NA	NA	NA	NA	FALSE
S2C15	TRUE	TIGR01039-aln	14304	932	0.3339232652	14.87376049	0.7753128343	0.9182838219	-3.939944877	core	NA	NA	NA	NA	NA	NA	NA	NA	NA	NA	FALSE
S2C15	TRUE	TIGR01044-aln	1416	29	-1.335382449	10.40555564	0.2761898923	0.5245579769	-5.609624555	core	NA	NA	NA	NA	NA	NA	NA	NA	NA	NA	FALSE
S2C15	TRUE	TIGR01059-aln	12951	692	0.04772458344	14.35986283	0.967623106	0.9882108317	-4.226147651	core	NA	NA	NA	NA	NA	NA	NA	NA	NA	NA	FALSE
S2C15	TRUE	TIGR01063-aln	19452	969	-0.05340426034	14.91774243	0.9638293401	0.9882108317	-4.327278021	core	NA	NA	NA	NA	NA	NA	NA	NA	NA	NA	FALSE
S2C15	TRUE	TIGR01066-aln	2649	95	-0.5274462818	11.75998565	0.6577286806	0.8935182076	-4.80137652	core	NA	NA	NA	NA	NA	NA	NA	NA	NA	NA	FALSE
S2C15	TRUE	TIGR01071-aln	1797	39	-1.251835716	10.67174615	0.3025947547	0.5658914892	-5.525972475	core	NA	NA	NA	NA	NA	NA	NA	NA	NA	NA	FALSE
S2C15	TRUE	TIGR01079-aln	1351	22	-1.665955472	10.27797323	0.1771953173	0.3986894639	-5.940380341	core	NA	NA	NA	NA	NA	NA	NA	NA	NA	NA	FALSE
S2C15	TRUE	TIGR01082-aln	5462	85	-1.731803803	12.07778117	0.1526875045	0.3726610279	-6.005822663	core	NA	NA	NA	NA	NA	NA	NA	NA	NA	NA	FALSE
S2C15	TRUE	TIGR01087-aln	4977	49	-2.392184884	11.80499501	0.05405244603	0.1874221812	-6.666350828	core	NA	NA	NA	NA	NA	NA	NA	NA	NA	NA	FALSE
S2C15	TRUE	TIGR01128-aln	3664	32	-2.564870392	11.3678868	0.04104778972	0.15975356	-6.839203788	core	NA	NA	NA	NA	NA	NA	NA	NA	NA	NA	FALSE
S2C15	TRUE	TIGR01146-aln	5586	37	-2.963855732	12.18141791	0.01957282295	0.08807770328	-7.238146493	core	NA	NA	NA	NA	NA	NA	NA	NA	NA	NA	FALSE
S2C15	TRUE	TIGR01164-aln	3297	281	0.7213203183	12.79951762	0.539850113	0.8182991187	-3.552511851	core	NA	NA	NA	NA	NA	NA	NA	NA	NA	NA	FALSE
S2C15	TRUE	TIGR01169-aln	3871	138	-0.5360531722	12.44624906	0.6503393395	0.8918939513	-4.809966136	core	NA	NA	NA	NA	NA	NA	NA	NA	NA	NA	FALSE
S2C15	TRUE	TIGR01171-aln	5892	311	0.03010094889	13.31266556	0.9799431868	0.9937452035	-4.243770945	core	NA	NA	NA	NA	NA	NA	NA	NA	NA	NA	FALSE
S2C15	TRUE	TIGR01391-aln	8576	179	-1.30834127	12.85436198	0.272448295	0.5245579769	-5.582273413	core	NA	NA	NA	NA	NA	NA	NA	NA	NA	NA	FALSE
S2C15	TRUE	TIGR01393-aln	13887	1085	0.5958967188	14.64690823	0.6111492113	0.8787737889	-3.677968021	core	NA	NA	NA	NA	NA	NA	NA	NA	NA	NA	FALSE
S2C15	TRUE	TIGR01394-aln	9499	427	-0.201589158	13.75585784	0.863791783	0.9569478613	-4.475467668	core	NA	NA	NA	NA	NA	NA	NA	NA	NA	NA	FALSE
S2C15	TRUE	TIGR01510-aln	2205	41	-1.474861036	10.92841112	0.225152314	0.4691093595	-5.749010936	core	NA	NA	NA	NA	NA	NA	NA	NA	NA	NA	FALSE
S2C15	TRUE	TIGR01632-aln	2443	160	0.3413334663	12.03089223	0.7723813962	0.9182838219	-3.932510053	core	NA	NA	NA	NA	NA	NA	NA	NA	NA	NA	FALSE
S2C15	TRUE	TIGR01951-aln	2105	24	-2.180193352	10.68996571	0.08182170429	0.2740075678	-6.454642017	core	NA	NA	NA	NA	NA	NA	NA	NA	NA	NA	FALSE
S2C15	TRUE	TIGR01953-aln	6100	184	-0.7771183502	12.47844011	0.5107513943	0.7908408686	-5.051031571	core	NA	NA	NA	NA	NA	NA	NA	NA	NA	NA	FALSE
S2C15	TRUE	TIGR02012-aln	8882	832	0.8576266546	14.45292751	0.4660325325	0.7540301649	-3.416229138	core	NA	NA	NA	NA	NA	NA	NA	NA	NA	NA	FALSE
S2C15	TRUE	TIGR02013-aln	23186	1382	0.2054467025	15.42046553	0.8604663287	0.9569478613	-4.06842443	core	NA	NA	NA	NA	NA	NA	NA	NA	NA	NA	FALSE
S2C15	TRUE	TIGR02027-aln	3868	47	-2.088621648	11.73692261	0.08975557897	0.2838008579	-6.362783228	core	NA	NA	NA	NA	NA	NA	NA	NA	NA	NA	FALSE
S2C15	TRUE	TIGR02075-aln	3839	151	-0.3942089395	12.32200991	0.7385974932	0.9182838219	-4.668110106	core	NA	NA	NA	NA	NA	NA	NA	NA	NA	NA	FALSE
S2C15	TRUE	TIGR02191-aln	1711	8	-3.464737063	10.51041298	0.01039244721	0.05608686176	-7.740624044	core	NA	NA	NA	NA	NA	NA	NA	NA	NA	NA	FALSE
S2C15	TRUE	TIGR02273-aln	1988	27	-1.927857496	10.58255343	0.1200541954	0.3201445212	-6.202214539	core	NA	NA	NA	NA	NA	NA	NA	NA	NA	NA	FALSE
S2C15	TRUE	TIGR02350-aln	22374	2498	1.110887044	15.66539722	0.3467731621	0.6235021691	-3.162977821	core	NA	NA	NA	NA	NA	NA	NA	NA	NA	NA	FALSE
S2C15	TRUE	TIGR02397-aln	7164	272	-0.4451963798	13.22730241	0.7050451679	0.9064866445	-4.719086781	core	NA	NA	NA	NA	NA	NA	NA	NA	NA	NA	FALSE
S2C15	TRUE	TIGR02432-aln	3393	49	-1.839502094	11.39558019	0.1314575537	0.3321032935	-6.113635871	core	NA	NA	NA	NA	NA	NA	NA	NA	NA	NA	FALSE
S2C15	TRUE	TIGR02729-aln	6069	293	-0.09860915782	13.228556	0.9338439115	0.9881173371	-4.372486251	core	NA	NA	NA	NA	NA	NA	NA	NA	NA	NA	FALSE
S2C15	TRUE	TIGR03263-aln	2217	64	-0.8403976656	11.11395228	0.4822748882	0.7631602627	-5.114393055	core	NA	NA	NA	NA	NA	NA	NA	NA	NA	NA	FALSE
S2C15	TRUE	TIGR03594-aln	5996	105	-1.56155442	12.2472608	0.1936040341	0.4161041926	-5.83553915	core	NA	NA	NA	NA	NA	NA	NA	NA	NA	NA	FALSE
S2C15	TRUE	TIGR03625-aln	2526	41	-1.670917256	11.1855908	0.1706484817	0.3963448607	-5.945086919	core	NA	NA	NA	NA	NA	NA	NA	NA	NA	NA	FALSE
S2C15	TRUE	TIGR03632-aln	2434	72	-0.8052100446	11.77693734	0.4986101483	0.7804332756	-5.079188451	core	NA	NA	NA	NA	NA	NA	NA	NA	NA	NA	FALSE
S2C15	TRUE	TIGR03654-aln	2279	93	-0.3411131637	11.56176561	0.7755438661	0.9182838219	-4.615026398	core	NA	NA	NA	NA	NA	NA	NA	NA	NA	NA	FALSE
S2C15	TRUE	TIGR03723-aln	5246	143	-0.923199064	12.49264994	0.4362886373	0.713926861	-5.197130755	core	NA	NA	NA	NA	NA	NA	NA	NA	NA	NA	FALSE
S2C15	TRUE	TIGR03725-aln	368	1	-4.23300045	8.953891844	0.01051628658	0.05608686176	-8.523561956	core	NA	NA	NA	NA	NA	NA	NA	NA	NA	NA	FALSE
S2C15	TRUE	TIGR03953-aln	2099	17	-2.67327144	10.86172908	0.03654441331	0.1498463581	-6.94802361	core	NA	NA	NA	NA	NA	NA	NA	NA	NA	NA	FALSE
S2C15	FALSE	top_IRVE-Topoiso	11	56	6.591268149	8.33047778	3.71E-05	3.56E-04	2.347923303	Replication	Topoisomerase	215.6	2	#823692	Homology & Context	Topoisom_I	NA	top	NA	NA	TRUE
S2C15	FALSE	unk_IRVE-1	17	950	10.05817908	13.54887994	6.94E-09	4.99E-07	5.804320862	Conserved-Unknown	NA	144.8	2	gray50	NA	NA	NA	NA	NA	NA	TRUE
S2C15	FALSE	YR_IRVE-2	105	35	2.686154564	8.414672985	0.03598202714	0.1498463581	-1.584962501	Integration	Tyrosine Recombinase	152.6	2	#ffc300	Homology & Context & Catalytic Site	NA	NA	IntY_IRVE-Y2	NA	NA	FALSE
S2C15	FALSE	YR_IRVE-3	57	2844	9.908690984	15.26985914	5.46E-09	4.99E-07	5.640815735	Integration	Arm-less Tyrosine Recombinase	205.8	2	#fbe8aa	Homology & Context & Catalytic Site	NA	NA	IntY_IRVE-Y3	NA	NA	TRUE
S2C15	FALSE	YR_IRVE-4	40	2	-0.04776635313	7.044495087	1	1	-4.321928095	Integration	Tyrosine Recombinase	277.4	2	#ffc300	Homology & Context & Catalytic Site	NA	NA	IntY_IRVE-Y4	NA	NA	FALSE
S2C15	FALSE	YR_IRVE-5	60	19	2.610138299	7.992518629	0.04811374242	0.1776507413	-1.658963082	Integration	Tyrosine Recombinase	405.9	2	#ffc300	Homology & Context & Catalytic Site	NA	NA	IntY_IRVE-Y5	NA	NA	FALSE
S2C15	FALSE	YR_IRVE-6	37	3	0.6460403613	6.747136028	0.6793827412	0.8994069314	-3.624490865	Integration	Tyrosine Recombinase	705.3	2	#ffc300	Homology & Context & Catalytic Site	NA	NA	IntY_IRVE-Y6	NA	NA	FALSE
S2C15	FALSE	YR_IRVE-8	5	210	9.59926634	10.74476412	4.25E-08	2.04E-06	5.392317423	Integration	Tyrosine Recombinase	296.4	2	#ffc300	Homology & Context & Catalytic Site	NA	NA	IntY_IRVE-Y8	NA	NA	TRUE
S2C15	FALSE	YR_IRVE-A	56	310	6.736588696	11.25893418	7.88E-06	9.45E-05	2.468769483	Integration	Tyrosine Recombinase	409.6	2	#ffc300	Homology & Context & Catalytic Site	NA	NA	IntY_IRVE-YA	NA	NA	TRUE
S2C15	FALSE	YR_IRVE-M	29	71	5.55411138	10.0803673	1.55E-04	0.00124340039	1.291766124	Integration	Tyrosine Recombinase	384.2	2	#ffc300	Homology & Context & Catalytic Site	NA	NA	IntY_IRVE-YM	NA	NA	TRUE
S2C15	FALSE	YR_IRVE-P	107	339	5.934398322	11.80626069	4.31E-05	3.88E-04	1.663674477	Integration	Tyrosine Recombinase	305.8	2	#ffc300	Homology & Context & Catalytic Site	NA	NA	IntY_IRVE-YP	NA	NA	TRUE
S2C15	FALSE	YR_IRVE-R	9	205	8.745904127	11.48595023	1.97E-07	7.08E-06	4.509555098	Integration	Tyrosine Recombinase	446.3	2	#ffc300	Homology & Context & Catalytic Site	NA	NA	IntY_IRVE-YR	NA	NA	TRUE
S2C15	FALSE	YR_IRVE-S	104	575	6.737588563	12.92229806	6.86E-06	8.99E-05	2.466978428	Integration	Tyrosine Recombinase	387.6	2	#ffc300	Homology & Context & Catalytic Site	NA	NA	IntY_IRVE-YS	NA	NA	TRUE
S2C15	FALSE	YR_IRVE-T1	301	487	4.966928878	11.92659835	3.13E-04	0.002254056503	0.6941582853	Integration	Tyrosine Recombinase	605.6	2	#ffc300	Homology & Context & Catalytic Site	NA	NA	IntY_IRVE-YT1	NA	NA	TRUE
S2C15	FALSE	YR_Pro	3970	51	-2.008363669	11.62928141	0.1011035131	0.2911781178	-6.28249795	Integration	Tyrosine Recombinase	459.3	-5	#ffc300	Homology & Context & Catalytic Site	NA	NA	IntY_IRVE-Y1	NA	Core gene	FALSE
S2C15	FALSE	YR_SM-CTnDOT	21	111	6.659892233	10.23402612	1.47E-05	1.51E-04	2.402098444	Integration	Tyrosine Recombinase	216	2	#ffc300	Reference	NA	NA	IntY_CTnDOT	NA	NA	TRUE
S2C15	FALSE	YR_SM-Cyan	232	14	0.2230353002	8.873615896	0.8825129248	0.9700905433	-4.050626073	Integration	Tyrosine Recombinase	237	2	#ffc300	Reference	NA	NA	IntY_Cyan	NA	NA	FALSE
S2C15	FALSE	YR_SM-Integron	9	13	4.768140323	5.719064074	0.00167676977	0.01049803682	0.5305147167	Integration	Tyrosine Recombinase	271	2	#ffc300	Reference	NA	NA	IntY_Integron	NA	NA	TRUE
S2C15	FALSE	YR_SM-P2	115	52	3.126184588	8.761779922	0.01519669736	0.07059111034	-1.145050333	Integration	Tyrosine Recombinase	200	2	#ffc300	Reference	NA	NA	IntY_P2	NA	NA	FALSE
S2C15	FALSE	YR_SM-SXT	71	4	0.1237290457	7.250575382	0.9469457814	0.9881173371	-4.14974712	Integration	Tyrosine Recombinase	300	2	#ffc300	Reference	NA	NA	IntY_SXT	NA	NA	FALSE
S2C15	FALSE	YR_SM-Xer	1589	147	0.8395468164	12.02561128	0.4789741432	0.7631602627	-3.434231065	Integration	Tyrosine Recombinase	230	2	#ffc300	Reference	NA	NA	IntY_Xer	NA	NA	FALSE
S2C9	FALSE	hel_IRVE-D5	14	128	8.541735049	10.70586328	2.68E-07	3.86E-06	3.192645078	Replication	Helicase	22.2	2	#823692	Homology & Context	D5, PPV_E1, VirE	NA	hel-vir	pri-4-pro	Helicase Superfamily 3 (https://en.wikipedia.org/wiki/Helicase, Kazlauskas D, Krupovic M, Venclovas Č. The logic of DNA replication in double-stranded DNA viruses: insights from global analysis of viral genomes. Nucleic Acids Res. 2016;44: 4551–4564. doi:10.1093/nar/gkw322)	TRUE
S2C9	FALSE	hel_IRVE-DnaB	46	54	5.597809559	8.823988199	1.14E-04	7.79E-04	0.2313255461	Replication	Helicase	22.1	2	#823692	Homology & Context	Rad51, AAA+, DnaB, RecA	NA	hel-Rad51	pri-2-pro	Helicase Superfamily 4 (https://en.wikipedia.org/wiki/Helicase, Kazlauskas D, Krupovic M, Venclovas Č. The logic of DNA replication in double-stranded DNA viruses: insights from global analysis of viral genomes. Nucleic Acids Res. 2016;44: 4551–4564. doi:10.1093/nar/gkw322)	TRUE
S2C9	FALSE	hel_IRVE-VirE	108	1209	8.855423414	14.12326829	5.93E-08	1.71E-06	3.484711027	Replication	Helicase	34.2	2	#823692	Homology & Context	VirE, RNA_helicase, PPV_E1_C	NA	hel-VirE	pri-1-pro	Helicase Superfamily 3 (https://en.wikipedia.org/wiki/Helicase, Kazlauskas D, Krupovic M, Venclovas Č. The logic of DNA replication in double-stranded DNA viruses: insights from global analysis of viral genomes. Nucleic Acids Res. 2016;44: 4551–4564. doi:10.1093/nar/gkw322)	TRUE
S2C9	FALSE	lig_IRVE-NAD	2806	328	2.277115717	12.44112536	0.0628486515	0.1560380313	-3.096747289	Replication	Ligase	98.1	2	#ae9cc7	Homology & Context	DNA_ligase_aden	NA	NA	lig-1-pro	NA	FALSE
S2C9	FALSE	LSR_IRVE	17	55	7.047444689	8.113205374	1.15E-05	9.78E-05	1.693896872	Integration	Large Serine Recombinase	511.1	2	#ff8d1a	Homology & Context & Catalytic Site	NA	NA	IntS_IRVE-S3	NA	Long, full-length Serine Resolvase/Recombinase	TRUE
S2C9	FALSE	MCP_IRVE-HK97	125	763	7.98091401	13.2020626	4.45E-07	5.83E-06	2.609754962	Packaging-Interference	Major capsid protein	576.7	2	#00baad	Homology	Phage_capsid, Peptidase_S78	PF05065, PF04586	capsid-1-pro	NA	MCP + caudovirus serine prohead protease	TRUE
S2C9	FALSE	pri_IRVE-Prim-Pol	13	187	9.193623134	11.21731166	7.64E-08	1.83E-06	3.846454742	Replication	Primase, Polymerase	28.5	2	#823692	Homology & Context	Prim-Pol	PF09250.11	pri-pol	pri-3-pro	NA	TRUE
S2C9	FALSE	pri_IRVE-Toprim	6	95	9.301410892	9.778299547	1.69E-07	3.25E-06	3.984893108	Replication	Primase	42.4	2	#823692	Homology & Context	DUF3854, Toprim	NA	pri-top	pri-4-pro	NA	TRUE
S2C9	FALSE	reg_IRVE	19	43	6.534079566	7.544414215	2.63E-05	2.00E-04	1.178337241	Regulation-Excision	Transcriptional regulator	99.3	2	#e8006a	Context	HTH_17, TFIIE_alpha, MerR_1	PF12728.7, PF02002.17, PF13411.6	terS-1-pro	NA	NA	TRUE
S2C9	FALSE	rep_IRVE-10	6	14	6.539427301	5.58227994	1.13E-04	7.79E-04	1.222392421	Replication	Replication factor	227.3	2	#ae9cc7	Context	NA	NA	rep-10	s17	NA	TRUE
S2C9	FALSE	rep_IRVE-7	9	60	8.0724598	8.070477985	3.32E-06	3.09E-05	2.736965594	Replication	Replication factor	114.3	2	#ae9cc7	Context	NA	NA	rep-7	s08	NA	TRUE
S2C9	FALSE	SSR_IRVE-2	20	17	5.122494387	6.34008458	5.80E-04	0.003477460071	-0.2344652536	Integration	Small Serine Recombinase	189.1	2	#fcbc7b	Homology & Context & Catalytic Site	NA	NA	IntS_IRVE-S4	NA	Short, Resolvase only, DNA-Invertase? - don't seed!!	TRUE
S2C9	FALSE	SSR_Pro	2279	5	-3.456751494	10.94968281	0.01175766024	0.04703064097	-8.832257114	Integration	Small Serine Recombinase	291.2	-5	#fcbc7b	Homology & Context & Catalytic Site	NA	NA	IntS_IRVE-S1	NA	Core gene	FALSE
S2C9	FALSE	terS_IRVE	18	562	10.31904492	12.67314002	5.33E-09	2.56E-07	4.964501319	Packaging-Interference	Terminase small subunit (ATPase)	121.1	2	#9ae7e1	Homology	Phage_term_sma, GP3_package	PF07141, PF16677	terS-2-pro	NA	Siphovirus-like - antisipho??	TRUE
S2C9	TRUE	TIGR00006-aln	2689	10	-2.696245278	11.59672282	0.0391004217	0.1224013201	-8.070925945	core	NA	NA	NA	NA	NA	NA	NA	NA	NA	NA	FALSE
S2C9	TRUE	TIGR00019-aln	5097	103	-0.2549561354	13.06278309	0.8292475693	0.8996811825	-5.628932111	core	NA	NA	NA	NA	NA	NA	NA	NA	NA	NA	FALSE
S2C9	TRUE	TIGR00020-aln	4444	94	-0.1890805329	12.79394786	0.8743278633	0.9190015497	-5.56305425	core	NA	NA	NA	NA	NA	NA	NA	NA	NA	NA	FALSE
S2C9	TRUE	TIGR00029-aln	616	3	-2.305604928	9.660762955	0.1157736123	0.2348084531	-7.68182404	core	NA	NA	NA	NA	NA	NA	NA	NA	NA	NA	FALSE
S2C9	TRUE	TIGR00043-aln	1110	2	-3.73845851	10.26488114	0.01353325771	0.05266997596	-9.116343961	core	NA	NA	NA	NA	NA	NA	NA	NA	NA	NA	FALSE
S2C9	TRUE	TIGR00054-aln	2882	1	-6.110546466	11.53866405	2.16E-04	0.001349719998	-11.49285462	core	NA	NA	NA	NA	NA	NA	NA	NA	NA	NA	TRUE
S2C9	TRUE	TIGR00059-aln	1179	2	-3.825443987	10.39145006	0.01140475992	0.04692244082	-9.203348003	core	NA	NA	NA	NA	NA	NA	NA	NA	NA	NA	FALSE
S2C9	TRUE	TIGR00061-aln	1132	9	-1.600138386	10.41941916	0.2180211602	0.3703337144	-6.974733241	core	NA	NA	NA	NA	NA	NA	NA	NA	NA	NA	FALSE
S2C9	TRUE	TIGR00064-aln	5351	86	-0.5853325062	13.11038439	0.6224711511	0.8003200514	-5.959328059	core	NA	NA	NA	NA	NA	NA	NA	NA	NA	NA	FALSE
S2C9	TRUE	TIGR00065-aln	4546	124	0.1777679795	13.09920081	0.8811889864	0.919501551	-5.196185658	core	NA	NA	NA	NA	NA	NA	NA	NA	NA	NA	FALSE
S2C9	TRUE	TIGR00082-aln	964	7	-1.730724359	10.13738469	0.1899820085	0.3419676154	-7.105534414	core	NA	NA	NA	NA	NA	NA	NA	NA	NA	NA	FALSE
S2C9	TRUE	TIGR00083-aln	2698	17	-1.935880221	11.39171133	0.1224482108	0.2427138704	-7.310211792	core	NA	NA	NA	NA	NA	NA	NA	NA	NA	NA	FALSE
S2C9	TRUE	TIGR00084-aln	1096	13	-1.023297912	10.46293996	0.4196795649	0.6166720137	-6.397592365	core	NA	NA	NA	NA	NA	NA	NA	NA	NA	NA	FALSE
S2C9	TRUE	TIGR00086-aln	1645	7	-2.501555681	10.88174929	0.05941317322	0.1500964376	-7.876516947	core	NA	NA	NA	NA	NA	NA	NA	NA	NA	NA	FALSE
S2C9	TRUE	TIGR00088-aln	4998	50	-1.269216997	12.59327544	0.2925567064	0.462946876	-6.643278996	core	NA	NA	NA	NA	NA	NA	NA	NA	NA	NA	FALSE
S2C9	TRUE	TIGR00090-aln	1111	4	-2.741875846	10.23874068	0.05073183783	0.1406700193	-8.117643101	core	NA	NA	NA	NA	NA	NA	NA	NA	NA	NA	FALSE
S2C9	TRUE	TIGR00092-aln	6849	217	0.3938239227	13.7741154	0.7374543454	0.8776316176	-4.980126413	core	NA	NA	NA	NA	NA	NA	NA	NA	NA	NA	FALSE
S2C9	TRUE	TIGR00115-aln	4007	18	-2.424035327	12.0099573	0.05553663097	0.1428084796	-7.798381793	core	NA	NA	NA	NA	NA	NA	NA	NA	NA	NA	FALSE
S2C9	TRUE	TIGR00116-aln	2292	13	-2.087489509	11.40060446	0.0995068795	0.2143894683	-7.461951611	core	NA	NA	NA	NA	NA	NA	NA	NA	NA	NA	FALSE
S2C9	TRUE	TIGR00138-aln	1779	2	-4.418846051	10.77940343	0.00352123624	0.01748475926	-9.796850795	core	NA	NA	NA	NA	NA	NA	NA	NA	NA	NA	TRUE
S2C9	TRUE	TIGR00158-aln	1441	2	-4.114896303	10.64016381	0.006450415484	0.02996322031	-9.49285462	core	NA	NA	NA	NA	NA	NA	NA	NA	NA	NA	TRUE
S2C9	TRUE	TIGR00166-aln	968	11	-1.085060927	10.34264908	0.3963898142	0.5906698708	-6.459431619	core	NA	NA	NA	NA	NA	NA	NA	NA	NA	NA	FALSE
S2C9	TRUE	TIGR00168-aln	3340	52	-0.6311721792	12.31176081	0.5982035071	0.7831027729	-6.005192669	core	NA	NA	NA	NA	NA	NA	NA	NA	NA	NA	FALSE
S2C9	TRUE	TIGR00186-aln	2373	18	-1.668285433	11.33446293	0.1803953197	0.3288218486	-7.042571384	core	NA	NA	NA	NA	NA	NA	NA	NA	NA	NA	FALSE
S2C9	TRUE	TIGR00194-aln	6227	36	-2.060254612	12.68619852	0.09505264976	0.2143894683	-7.434396562	core	NA	NA	NA	NA	NA	NA	NA	NA	NA	NA	FALSE
S2C9	TRUE	TIGR00250-aln	1179	4	-2.827562468	10.31035312	0.04346460987	0.127732731	-8.203348003	core	NA	NA	NA	NA	NA	NA	NA	NA	NA	NA	FALSE
S2C9	TRUE	TIGR00337-aln	10479	315	0.3179505619	14.29459962	0.7862393528	0.8996811825	-5.05600541	core	NA	NA	NA	NA	NA	NA	NA	NA	NA	NA	FALSE
S2C9	TRUE	TIGR00344-aln	10985	194	-0.4493600721	14.04835454	0.7028204812	0.8504718427	-5.823334407	core	NA	NA	NA	NA	NA	NA	NA	NA	NA	NA	FALSE
S2C9	TRUE	TIGR00362-aln	5379	50	-1.375199094	12.89246586	0.2547757419	0.4169057595	-6.749266084	core	NA	NA	NA	NA	NA	NA	NA	NA	NA	NA	FALSE
S2C9	TRUE	TIGR00382-aln	8804	465	1.131084357	14.37217654	0.3391089381	0.5250719041	-4.242856524	core	NA	NA	NA	NA	NA	NA	NA	NA	NA	NA	FALSE
S2C9	TRUE	TIGR00392-aln	11335	83	-1.719423473	13.75291122	0.1549603462	0.2860806391	-7.093457339	core	NA	NA	NA	NA	NA	NA	NA	NA	NA	NA	FALSE
S2C9	TRUE	TIGR00396-aln	14494	375	0.1015395741	14.69238308	0.9310044244	0.9508130292	-5.272421394	core	NA	NA	NA	NA	NA	NA	NA	NA	NA	NA	FALSE
S2C9	TRUE	TIGR00398-aln	6366	39	-1.976644182	12.70451549	0.1078719625	0.2251240957	-7.350769223	core	NA	NA	NA	NA	NA	NA	NA	NA	NA	NA	FALSE
S2C9	TRUE	TIGR00414-aln	7003	349	1.047262518	13.98526523	0.3756799993	0.5755097861	-4.326674146	core	NA	NA	NA	NA	NA	NA	NA	NA	NA	NA	FALSE
S2C9	TRUE	TIGR00416-aln	4159	92	-0.1244887631	12.88229599	0.9175060322	0.9437204903	-5.498459014	core	NA	NA	NA	NA	NA	NA	NA	NA	NA	NA	FALSE
S2C9	TRUE	TIGR00420-aln	3313	14	-2.512104757	11.72220337	0.04936731424	0.1406700193	-7.886567566	core	NA	NA	NA	NA	NA	NA	NA	NA	NA	NA	FALSE
S2C9	TRUE	TIGR00431-aln	2152	17	-1.609701066	11.23426506	0.1983383632	0.3483015158	-6.983999521	core	NA	NA	NA	NA	NA	NA	NA	NA	NA	NA	FALSE
S2C9	TRUE	TIGR00435-aln	5437	155	0.2414819282	13.35110624	0.8372337202	0.8997138486	-5.132470708	core	NA	NA	NA	NA	NA	NA	NA	NA	NA	NA	FALSE
S2C9	TRUE	TIGR00436-aln	2807	19	-1.832601765	11.61800468	0.1418090501	0.2678966006	-7.206885835	core	NA	NA	NA	NA	NA	NA	NA	NA	NA	NA	FALSE
S2C9	TRUE	TIGR00442-aln	4163	79	-0.3456415737	12.86589659	0.7711104282	0.8996811825	-5.719627095	core	NA	NA	NA	NA	NA	NA	NA	NA	NA	NA	FALSE
S2C9	TRUE	TIGR00445-aln	3129	25	-1.593440019	11.93535751	0.1947050242	0.3461422652	-6.967629753	core	NA	NA	NA	NA	NA	NA	NA	NA	NA	NA	FALSE
S2C9	TRUE	TIGR00456-aln	5788	52	-1.424344404	12.93054151	0.2386314894	0.3949762583	-6.798409488	core	NA	NA	NA	NA	NA	NA	NA	NA	NA	NA	FALSE
S2C9	TRUE	TIGR00459-aln	8514	319	0.6357391161	14.19023461	0.5885191571	0.7831027729	-4.738208761	core	NA	NA	NA	NA	NA	NA	NA	NA	NA	NA	FALSE
S2C9	TRUE	TIGR00460-aln	3663	79	-0.1610552632	12.49675119	0.8944754424	0.926650818	-5.535029238	core	NA	NA	NA	NA	NA	NA	NA	NA	NA	NA	FALSE
S2C9	TRUE	TIGR00468-aln	5260	124	-0.03268662045	13.06339039	0.9792836782	0.9861318158	-5.406650774	core	NA	NA	NA	NA	NA	NA	NA	NA	NA	NA	FALSE
S2C9	TRUE	TIGR00472-aln	6979	36	-2.224731571	12.70056254	0.07260810687	0.1742594565	-7.598879615	core	NA	NA	NA	NA	NA	NA	NA	NA	NA	NA	FALSE
S2C9	TRUE	TIGR00487-aln	11109	221	-0.2775694307	14.10896523	0.8137134863	0.8996811825	-5.651538776	core	NA	NA	NA	NA	NA	NA	NA	NA	NA	NA	FALSE
S2C9	TRUE	TIGR00496-aln	2051	24	-1.043004542	11.36298884	0.3960822296	0.5906698708	-6.417149276	core	NA	NA	NA	NA	NA	NA	NA	NA	NA	NA	FALSE
S2C9	TRUE	TIGR00539-aln	3217	6	-3.691269827	11.65553828	0.007072072137	0.03182432461	-9.06653772	core	NA	NA	NA	NA	NA	NA	NA	NA	NA	NA	TRUE
S2C9	TRUE	TIGR00580-aln	11788	188	-0.5964645775	14.23821623	0.6127848521	0.7949641325	-5.970442493	core	NA	NA	NA	NA	NA	NA	NA	NA	NA	NA	FALSE
S2C9	TRUE	TIGR00593-aln	12452	195	-0.6227816602	14.01502239	0.597169125	0.7831027729	-5.996759548	core	NA	NA	NA	NA	NA	NA	NA	NA	NA	NA	FALSE
S2C9	TRUE	TIGR00615-aln	1955	6	-2.972793161	11.17342956	0.02782474358	0.08903917945	-8.347990391	core	NA	NA	NA	NA	NA	NA	NA	NA	NA	NA	FALSE
S2C9	TRUE	TIGR00631-aln	14338	602	0.8000156637	15.04707592	0.4962422533	0.7005772987	-4.5739365	core	NA	NA	NA	NA	NA	NA	NA	NA	NA	NA	FALSE
S2C9	TRUE	TIGR00634-aln	863	3	-2.791871559	10.45658896	0.05184769151	0.1406700193	-8.168254248	core	NA	NA	NA	NA	NA	NA	NA	NA	NA	NA	FALSE
S2C9	TRUE	TIGR00635-aln	3696	120	0.4290796595	12.94466606	0.7165387473	0.8598464967	-4.944858446	core	NA	NA	NA	NA	NA	NA	NA	NA	NA	NA	FALSE
S2C9	TRUE	TIGR00643-aln	10057	165	-0.5556111086	13.82124549	0.6375932914	0.8053809997	-5.929590179	core	NA	NA	NA	NA	NA	NA	NA	NA	NA	NA	FALSE
S2C9	TRUE	TIGR00663-aln	3489	14	-2.586774789	11.85540929	0.04319448776	0.127732731	-7.96124296	core	NA	NA	NA	NA	NA	NA	NA	NA	NA	NA	FALSE
S2C9	TRUE	TIGR00755-aln	2306	13	-2.096274045	11.2313238	0.09823624854	0.2143894683	-7.47073708	core	NA	NA	NA	NA	NA	NA	NA	NA	NA	NA	FALSE
S2C9	TRUE	TIGR00810-aln	659	3	-2.402915751	9.546941718	0.09878312713	0.2143894683	-7.779172154	core	NA	NA	NA	NA	NA	NA	NA	NA	NA	NA	FALSE
S2C9	TRUE	TIGR00922-aln	1990	9	-2.413898743	11.28707278	0.06426405583	0.1568478651	-7.788627714	core	NA	NA	NA	NA	NA	NA	NA	NA	NA	NA	FALSE
S2C9	TRUE	TIGR00928-aln	6500	97	-0.692315172	12.93450781	0.5591094826	0.7524464065	-6.066311161	core	NA	NA	NA	NA	NA	NA	NA	NA	NA	NA	FALSE
S2C9	TRUE	TIGR00959-aln	7774	112	-0.7430933279	13.58080344	0.5310757779	0.7214614342	-6.11708647	core	NA	NA	NA	NA	NA	NA	NA	NA	NA	NA	FALSE
S2C9	TRUE	TIGR00963-aln	14960	429	0.2499701567	14.75274598	0.8309555366	0.8996811825	-5.123988717	core	NA	NA	NA	NA	NA	NA	NA	NA	NA	NA	FALSE
S2C9	TRUE	TIGR00967-aln	4592	4	-4.788899404	12.18950648	9.16E-04	0.005274856871	-10.16490693	core	NA	NA	NA	NA	NA	NA	NA	NA	NA	NA	TRUE
S2C9	TRUE	TIGR01009-aln	3258	56	-0.4884097946	12.31549985	0.6827242904	0.8463333939	-5.862415966	core	NA	NA	NA	NA	NA	NA	NA	NA	NA	NA	FALSE
S2C9	TRUE	TIGR01011-aln	2636	15	-2.082848974	11.61610344	0.09875626962	0.2143894683	-7.457244059	core	NA	NA	NA	NA	NA	NA	NA	NA	NA	NA	FALSE
S2C9	TRUE	TIGR01017-aln	2227	14	-1.939119946	11.43938438	0.125687175	0.2427138704	-7.313530921	core	NA	NA	NA	NA	NA	NA	NA	NA	NA	NA	FALSE
S2C9	TRUE	TIGR01021-aln	1752	3	-3.81323484	11.05999538	0.007857669746	0.03428801344	-9.189824559	core	NA	NA	NA	NA	NA	NA	NA	NA	NA	NA	TRUE
S2C9	TRUE	TIGR01029-aln	2728	36	-0.8696335143	11.91307569	0.4733166886	0.6748277541	-6.243702928	core	NA	NA	NA	NA	NA	NA	NA	NA	NA	NA	FALSE
S2C9	TRUE	TIGR01032-aln	2254	92	0.7591888445	12.175603	0.5226339893	0.7203453626	-4.614709844	core	NA	NA	NA	NA	NA	NA	NA	NA	NA	NA	FALSE
S2C9	TRUE	TIGR01039-aln	13487	596	0.8738374208	14.87376049	0.457877985	0.6593442985	-4.500113335	core	NA	NA	NA	NA	NA	NA	NA	NA	NA	NA	FALSE
S2C9	TRUE	TIGR01044-aln	1099	4	-2.726211876	10.40555564	0.05146827488	0.1406700193	-8.101975671	core	NA	NA	NA	NA	NA	NA	NA	NA	NA	NA	FALSE
S2C9	TRUE	TIGR01059-aln	11100	330	0.3020067845	14.35986283	0.7966722011	0.8996811825	-5.071949842	core	NA	NA	NA	NA	NA	NA	NA	NA	NA	NA	FALSE
S2C9	TRUE	TIGR01063-aln	16290	472	0.2649030585	14.91774243	0.8209775999	0.8996811825	-5.109055934	core	NA	NA	NA	NA	NA	NA	NA	NA	NA	NA	FALSE
S2C9	TRUE	TIGR01066-aln	2195	31	-0.7717328033	11.75998565	0.5252518269	0.7203453626	-6.145808914	core	NA	NA	NA	NA	NA	NA	NA	NA	NA	NA	FALSE
S2C9	TRUE	TIGR01071-aln	1452	8	-2.129044459	10.67174615	0.1034271108	0.2190221169	-7.503825738	core	NA	NA	NA	NA	NA	NA	NA	NA	NA	NA	FALSE
S2C9	TRUE	TIGR01079-aln	1142	6	-2.197315428	10.27797323	0.0997506554	0.2143894683	-7.572384435	core	NA	NA	NA	NA	NA	NA	NA	NA	NA	NA	FALSE
S2C9	TRUE	TIGR01082-aln	4041	26	-1.905854846	12.07778117	0.1234568188	0.2427138704	-7.280056918	core	NA	NA	NA	NA	NA	NA	NA	NA	NA	NA	FALSE
S2C9	TRUE	TIGR01087-aln	3848	12	-2.950351939	11.80499501	0.02369039383	0.08320528563	-8.324930583	core	NA	NA	NA	NA	NA	NA	NA	NA	NA	NA	FALSE
S2C9	TRUE	TIGR01128-aln	2708	3	-4.441388848	11.3678868	0.002194797506	0.01128753003	-9.818049523	core	NA	NA	NA	NA	NA	NA	NA	NA	NA	NA	TRUE
S2C9	TRUE	TIGR01146-aln	4535	13	-3.071909023	12.18141791	0.0183474668	0.06774449282	-8.446447117	core	NA	NA	NA	NA	NA	NA	NA	NA	NA	NA	FALSE
S2C9	TRUE	TIGR01164-aln	2971	133	0.8924574829	12.79951762	0.4515812257	0.6568454193	-4.481450454	core	NA	NA	NA	NA	NA	NA	NA	NA	NA	NA	FALSE
S2C9	TRUE	TIGR01169-aln	3324	64	-0.3247153036	12.44624906	0.7883428812	0.8996811825	-5.698704667	core	NA	NA	NA	NA	NA	NA	NA	NA	NA	NA	FALSE
S2C9	TRUE	TIGR01171-aln	5182	149	0.2538268749	13.31266556	0.8301307207	0.8996811825	-5.12012478	core	NA	NA	NA	NA	NA	NA	NA	NA	NA	NA	FALSE
S2C9	TRUE	TIGR01391-aln	6667	44	-1.869287596	12.85436198	0.1264134741	0.2427138704	-7.243390393	core	NA	NA	NA	NA	NA	NA	NA	NA	NA	NA	FALSE
S2C9	TRUE	TIGR01393-aln	12308	354	0.2542548174	14.64690823	0.8282154842	0.8996811825	-5.119703178	core	NA	NA	NA	NA	NA	NA	NA	NA	NA	NA	FALSE
S2C9	TRUE	TIGR01394-aln	7860	135	-0.4895172801	13.75585784	0.6782068504	0.8463333939	-5.863498	core	NA	NA	NA	NA	NA	NA	NA	NA	NA	NA	FALSE
S2C9	TRUE	TIGR01510-aln	1653	13	-1.616028581	10.92841112	0.2026616962	0.3516058344	-6.990431291	core	NA	NA	NA	NA	NA	NA	NA	NA	NA	NA	FALSE
S2C9	TRUE	TIGR01632-aln	2019	57	0.2274020008	12.03089223	0.8476318443	0.9041406339	-5.146535181	core	NA	NA	NA	NA	NA	NA	NA	NA	NA	NA	FALSE
S2C9	TRUE	TIGR01951-aln	1544	2	-4.214482419	10.68996571	0.00529013653	0.02539265534	-9.592457037	core	NA	NA	NA	NA	NA	NA	NA	NA	NA	NA	TRUE
S2C9	TRUE	TIGR01953-aln	4801	27	-2.100027946	12.47844011	0.09123355834	0.2143894683	-7.474231718	core	NA	NA	NA	NA	NA	NA	NA	NA	NA	NA	FALSE
S2C9	TRUE	TIGR02012-aln	8073	538	1.466507967	14.45292751	0.218599762	0.3703337144	-3.907426814	core	NA	NA	NA	NA	NA	NA	NA	NA	NA	NA	FALSE
S2C9	TRUE	TIGR02013-aln	20796	695	0.4708086314	15.42046553	0.6876458825	0.8463333939	-4.903149272	core	NA	NA	NA	NA	NA	NA	NA	NA	NA	NA	FALSE
S2C9	TRUE	TIGR02027-aln	3100	10	-2.901426376	11.73692261	0.02715032053	0.08885559445	-8.276124405	core	NA	NA	NA	NA	NA	NA	NA	NA	NA	NA	FALSE
S2C9	TRUE	TIGR02075-aln	3297	63	-0.3356676465	12.32200991	0.7796262151	0.8996811825	-5.709658248	core	NA	NA	NA	NA	NA	NA	NA	NA	NA	NA	FALSE
S2C9	TRUE	TIGR02191-aln	1292	5	-2.638074674	10.51041298	0.0529850503	0.1406700193	-8.01346226	core	NA	NA	NA	NA	NA	NA	NA	NA	NA	NA	FALSE
S2C9	TRUE	TIGR02273-aln	1413	8	-2.089771165	10.58255343	0.1099429432	0.2261683403	-7.46454575	core	NA	NA	NA	NA	NA	NA	NA	NA	NA	NA	FALSE
S2C9	TRUE	TIGR02350-aln	19749	1150	1.271878334	15.66539722	0.2832404466	0.4531847145	-4.102073837	core	NA	NA	NA	NA	NA	NA	NA	NA	NA	NA	FALSE
S2C9	TRUE	TIGR02397-aln	6000	105	-0.4625164644	13.22730241	0.6962955496	0.849716603	-5.836501268	core	NA	NA	NA	NA	NA	NA	NA	NA	NA	NA	FALSE
S2C9	TRUE	TIGR02432-aln	2582	8	-2.95938587	11.39558019	0.02590383179	0.08674771575	-8.334273285	core	NA	NA	NA	NA	NA	NA	NA	NA	NA	NA	FALSE
S2C9	TRUE	TIGR02729-aln	5474	135	0.0323970681	13.228556	0.9782439589	0.9861318158	-5.341564122	core	NA	NA	NA	NA	NA	NA	NA	NA	NA	NA	FALSE
S2C9	TRUE	TIGR03263-aln	1710	17	-1.278061609	11.11395228	0.3045991865	0.4767639441	-6.652317769	core	NA	NA	NA	NA	NA	NA	NA	NA	NA	NA	FALSE
S2C9	TRUE	TIGR03594-aln	4488	18	-2.587576074	12.2472608	0.04173598691	0.127732731	-7.961931959	core	NA	NA	NA	NA	NA	NA	NA	NA	NA	NA	FALSE
S2C9	TRUE	TIGR03625-aln	2013	17	-1.513381459	11.1855908	0.2233986251	0.3740628142	-6.887668616	core	NA	NA	NA	NA	NA	NA	NA	NA	NA	NA	FALSE
S2C9	TRUE	TIGR03632-aln	2279	47	-0.2256075805	11.77693734	0.8543861597	0.9046441691	-5.599596358	core	NA	NA	NA	NA	NA	NA	NA	NA	NA	NA	FALSE
S2C9	TRUE	TIGR03654-aln	1869	30	-0.5871029998	11.56176561	0.6307252088	0.8037560183	-5.961160258	core	NA	NA	NA	NA	NA	NA	NA	NA	NA	NA	FALSE
S2C9	TRUE	TIGR03723-aln	4473	31	-1.798672917	12.49264994	0.1432502656	0.2678966006	-7.172830733	core	NA	NA	NA	NA	NA	NA	NA	NA	NA	NA	FALSE
S2C9	TRUE	TIGR03725-aln	258	0	-10.0469685	8.953891844	0.01501652086	0.05690471062	-Inf	core	NA	NA	NA	NA	NA	NA	NA	NA	NA	NA	FALSE
S2C9	TRUE	TIGR03953-aln	1748	5	-3.074102691	10.86172908	0.02432596449	0.08340330684	-8.449561375	core	NA	NA	NA	NA	NA	NA	NA	NA	NA	NA	FALSE
S2C9	FALSE	top_IRVE-Topoiso	7	54	8.272198261	8.33047778	1.12E-06	1.24E-05	2.94753258	Replication	Topoisomerase	215.6	2	#823692	Homology & Context	Topoisom_I	NA	top	NA	NA	TRUE
S2C9	FALSE	unk_IRVE-1	18	955	11.0839693	13.54887994	9.27E-10	6.67E-08	5.729431921	Conserved-Unknown	NA	144.8	2	gray50	NA	NA	NA	NA	NA	NA	TRUE
S2C9	FALSE	YR_IRVE-2	73	36	4.349482598	8.414672985	0.001465909611	0.007818184594	-1.019899557	Integration	Tyrosine Recombinase	152.6	2	#ffc300	Homology & Context & Catalytic Site	NA	NA	IntY_IRVE-Y2	NA	NA	TRUE
S2C9	FALSE	YR_IRVE-3	36	3102	11.79327354	15.26985914	1.21E-10	1.74E-08	6.42905797	Integration	Arm-less Tyrosine Recombinase	205.8	2	#fbe8aa	Homology & Context & Catalytic Site	NA	NA	IntY_IRVE-Y3	NA	NA	TRUE
S2C9	FALSE	YR_IRVE-4	23	7	3.643736773	7.044495087	0.01972470269	0.07100892968	-1.716207034	Integration	Tyrosine Recombinase	277.4	2	#ffc300	Homology & Context & Catalytic Site	NA	NA	IntY_IRVE-Y4	NA	NA	FALSE
S2C9	FALSE	YR_IRVE-5	55	2	0.5904538581	7.992518629	0.7469994378	0.8817042545	-4.781359714	Integration	Tyrosine Recombinase	405.9	2	#ffc300	Homology & Context & Catalytic Site	NA	NA	IntY_IRVE-Y5	NA	NA	FALSE
S2C9	FALSE	YR_IRVE-6	31	20	4.730802788	6.747136028	0.001168128509	0.006469634818	-0.6322682155	Integration	Tyrosine Recombinase	705.3	2	#ffc300	Homology & Context & Catalytic Site	NA	NA	IntY_IRVE-Y6	NA	NA	TRUE
S2C9	FALSE	YR_IRVE-8	9	143	9.325358392	10.74476412	1.86E-07	3.25E-06	3.989946335	Integration	Tyrosine Recombinase	296.4	2	#ffc300	Homology & Context & Catalytic Site	NA	NA	IntY_IRVE-Y8	NA	NA	TRUE
S2C9	FALSE	YR_IRVE-A	32	177	7.830652255	11.25893418	9.20E-07	1.10E-05	2.46760555	Integration	Tyrosine Recombinase	409.6	2	#ffc300	Homology & Context & Catalytic Site	NA	NA	IntY_IRVE-YA	NA	NA	TRUE
S2C9	FALSE	YR_IRVE-M	26	136	7.747565952	10.0803673	1.21E-06	1.24E-05	2.387023123	Integration	Tyrosine Recombinase	384.2	2	#ffc300	Homology & Context & Catalytic Site	NA	NA	IntY_IRVE-YM	NA	NA	TRUE
S2C9	FALSE	YR_IRVE-P	90	293	7.072987536	11.80626069	3.43E-06	3.09E-05	1.702903758	Integration	Tyrosine Recombinase	305.8	2	#ffc300	Homology & Context & Catalytic Site	NA	NA	IntY_IRVE-YP	NA	NA	TRUE
S2C9	FALSE	YR_IRVE-R	10	291	10.20214393	11.48595023	1.77E-08	6.38E-07	4.862947248	Integration	Tyrosine Recombinase	446.3	2	#ffc300	Homology & Context & Catalytic Site	NA	NA	IntY_IRVE-YR	NA	NA	TRUE
S2C9	FALSE	YR_IRVE-S	85	648	8.300297422	12.92229806	2.03E-07	3.25E-06	2.930459067	Integration	Tyrosine Recombinase	387.6	2	#ffc300	Homology & Context & Catalytic Site	NA	NA	IntY_IRVE-YS	NA	NA	TRUE
S2C9	FALSE	YR_IRVE-T1	251	251	5.372594024	11.92659835	1.32E-04	8.64E-04	0	Integration	Tyrosine Recombinase	605.6	2	#ffc300	Homology & Context & Catalytic Site	NA	NA	IntY_IRVE-YT1	NA	NA	TRUE
S2C9	FALSE	YR_Pro	3001	13	-2.476289485	11.62928141	0.05372813236	0.1406700193	-7.850787885	Integration	Tyrosine Recombinase	459.3	-5	#ffc300	Homology & Context & Catalytic Site	NA	NA	IntY_IRVE-Y1	NA	Core gene	FALSE
S2C9	FALSE	YR_SM-CTnDOT	21	53	6.693052075	10.23402612	1.31E-05	1.05E-04	1.335603032	Integration	Tyrosine Recombinase	216	2	#ffc300	Reference	NA	NA	IntY_CTnDOT	NA	NA	TRUE
S2C9	FALSE	YR_SM-Cyan	254	11	0.8440955276	8.873615896	0.5116718733	0.715347085	-4.529253068	Integration	Tyrosine Recombinase	237	2	#ffc300	Reference	NA	NA	IntY_Cyan	NA	NA	FALSE
S2C9	FALSE	YR_SM-Integron	7	0	-4.891185973	5.719064074	1	1	-Inf	Integration	Tyrosine Recombinase	271	2	#ffc300	Reference	NA	NA	IntY_Integron	NA	NA	FALSE
S2C9	FALSE	YR_SM-P2	124	31	3.37139917	8.761779922	0.01012378071	0.04287718887	-2	Integration	Tyrosine Recombinase	200	2	#ffc300	Reference	NA	NA	IntY_P2	NA	NA	FALSE
S2C9	FALSE	YR_SM-SXT	86	5	1.267234158	7.250575382	0.397881788	0.5906698708	-4.10433666	Integration	Tyrosine Recombinase	300	2	#ffc300	Reference	NA	NA	IntY_SXT	NA	NA	FALSE
S2C9	FALSE	YR_SM-Xer	1537	92	1.311486316	12.02561128	0.2736377848	0.4427397867	-4.062339494	Integration	Tyrosine Recombinase	230	2	#ffc300	Reference	NA	NA	IntY_Xer	NA	NA	FALSE