contig_id	start	end	element_id	score	strand	upstreamType	downstreamType	int_profile_id	profile_ids	secondary
NODE_2428_length_8186_cov_19.222605	0	8181	NODE_2428_length_8186_cov_19.222605_12	25	-	tRNA-Pro(tgg)-partial	tRNA-Pro(tgg)-partial	YR_IRVE-P	terS_IRVE,unk_IRVE-1,YR_IRVE-3,hel_IRVE-DnaB,xis_IRVE-1,YR_IRVE-P	FALSE
NODE_768_length_17959_cov_12.192918	1677	12336	NODE_768_length_17959_cov_12.192918_15	24	-	tRNA-Met(cat)-partial	tRNA-Pro(tgg)-partial	YR_IRVE-M	xis_IRVE-1,rep_IRVE-3,rep_IRVE-7,hel_IRVE-DnaB,reg_IRVE,YR_IRVE-M	FALSE
NODE_2168_length_8368_cov_7.757127	1491	8366	NODE_2168_length_8368_cov_7.757127_4	23	+	tRNA-Ser(tga)-partial	None	YR_IRVE-S	YR_IRVE-S,terS_IRVE,unk_IRVE-1,YR_IRVE-3,hel_IRVE-VirE,pri_IRVE-Prim-Pol	FALSE
NODE_3078_length_8080_cov_9.899190	233	8075	NODE_3078_length_8080_cov_9.899190_12	23	-	tRNA-Pro(tgg)-partial	None	YR_IRVE-P	terS_IRVE,unk_IRVE-1,YR_IRVE-3,hel_IRVE-DnaB,xis_IRVE-1,YR_IRVE-P	FALSE
NODE_3715_length_8248_cov_4.019285	32	8030	NODE_3715_length_8248_cov_4.019285_10	22	-	tRNA-Pro(tgg)-partial	tRNA-Pro(tgg)-partial	YR_IRVE-P	xis_IRVE-1,YR_IRVE-3,unk_IRVE-1,terS_IRVE,YR_IRVE-P	FALSE
NODE_4616_length_6336_cov_13.649897	254	6336	NODE_4616_length_6336_cov_13.649897_11	21	-	None	None	YR_IRVE-S	end_IRVE-TraY,pri_IRVE-Prim-Pol,hel_IRVE-VirE,YR_IRVE-3,unk_IRVE-1,terS_IRVE,YR_IRVE-S	FALSE
NODE_2610_length_8662_cov_7.533054	2	7773	NODE_2610_length_8662_cov_7.533054_10	20	-	tRNA-Pro(tgg)-partial	None	YR_IRVE-P	terS_IRVE,unk_IRVE-1,YR_IRVE-3,hel_IRVE-DnaB,YR_IRVE-P	FALSE
NODE_2538_length_7999_cov_7.132049	163	6882	NODE_2538_length_7999_cov_7.132049_10	19	-	tRNA-Ser(tga)-partial	None	YR_IRVE-S	YR_IRVE-3,hel_IRVE-DnaB,xis_IRVE-1,xis_IRVE-2,YR_IRVE-S	FALSE
NODE_3815_length_7128_cov_6.417220	0	6702	NODE_3815_length_7128_cov_6.417220_1	19	+	tRNA-Ser(tga)-partial	None	YR_IRVE-S	YR_IRVE-S,xis_IRVE-2,xis_IRVE-1,hel_IRVE-DnaB,YR_IRVE-3	FALSE
NODE_4900_length_5475_cov_2.790959	0	5475	NODE_4900_length_5475_cov_2.790959_9	19	-	tRNA-Ala(ggc)-partial	None	YR_IRVE-A	hel_IRVE-DnaB,pri_IRVE-Prim-Pol,pri_IRVE-Prim-Pol,xis_IRVE-1,YR_IRVE-A	FALSE
NODE_2218_length_9437_cov_4.460989	23	9408	NODE_2218_length_9437_cov_4.460989_12	18.4	-	tRNA-Val(tac)-partial	tRNA-Val(tac)-partial	YR_SM-P2	SSR_IRVE-2,SSR_IRVE-2,xis_IRVE-2,xis_IRVE-2,YR_SM-P2,YR_SM-P2	FALSE
NODE_2702_length_8791_cov_8.690934	1531	8788	NODE_2702_length_8791_cov_8.690934_13	18	-	tRNA-Ser(tga)-partial	tRNA-Ser(tga)-partial	YR_IRVE-S	xis_IRVE-1,hel_IRVE-DnaB,xis_IRVE-1,YR_IRVE-S	FALSE
NODE_1464_length_15851_cov_3.440808	4712	11728	NODE_1464_length_15851_cov_3.440808_11	17	+	tRNA-Met(cat)-full	None	YR_SM-Tn916	YR_SM-Tn916,str_HM-1,xis_IRVE-1,hel_IRVE-DnaB	FALSE
NODE_2317_length_8415_cov_9.370335	3721	8415	NODE_2317_length_8415_cov_9.370335_4	17	+	tRNA-Pro(tgg)-partial	None	YR_IRVE-P	YR_IRVE-P,terS_IRVE,unk_IRVE-1,YR_IRVE-3	FALSE
NODE_3008_length_6454_cov_9.287232	620	6454	NODE_3008_length_6454_cov_9.287232_2	17	+	tRNA-Pro(tgg)-partial	None	YR_IRVE-P	YR_IRVE-P,terS_IRVE,unk_IRVE-1,YR_IRVE-3	FALSE
NODE_3566_length_8233_cov_18.867327	0	5920	NODE_3566_length_8233_cov_18.867327_7	17	-	tRNA-Arg(tct)-partial	None	YR_IRVE-R	YR_IRVE-3,hel_IRVE-DnaB,xis_IRVE-1,YR_IRVE-R	FALSE
NODE_4819_length_5420_cov_10.029450	1561	5420	NODE_4819_length_5420_cov_10.029450_5	17	+	tRNA-Gly(gcc)-partial	None	YR_IRVE-T1	YR_IRVE-T1,xis_IRVE-1,top_IRVE-Topoiso,hel_IRVE-VirE	FALSE
NODE_5568_length_5591_cov_9.511380	0	5467	NODE_5568_length_5591_cov_9.511380_9	17	-	tRNA-Pro(tgg)-partial	None	YR_IRVE-P	YR_IRVE-3,unk_IRVE-1,terS_IRVE,YR_IRVE-P	FALSE
NODE_761_length_17987_cov_2.529668	4245	13669	NODE_761_length_17987_cov_2.529668_8	17	+	tRNA-Arg(tct)-full	None	YR_SM-Brujita	YR_SM-Brujita,str_HM-1,terS_PF-Terminase_5,xis_IRVE-1	FALSE
NODE_10247_length_6429_cov_4.607311	0	6429	NODE_10247_length_6429_cov_4.607311_9	16	-	tRNA-Asn(gtt)-partial	tRNA-Asn(gtt)-partial	YR_SM-SXT	pri_PF-Prim-Pol,xis_IRVE-2,YR_SM-SXT	FALSE
NODE_1738_length_9738_cov_63.360322	2599	9455	NODE_1738_length_9738_cov_63.360322_4	16	+	tRNA-Lys(ttt)-partial	None	YR_SM-P2	YR_SM-P2,xis_IRVE-1,hel_IRVE-DnaB,hel_IRVE-DnaB	FALSE
NODE_1930_length_12450_cov_7.618717	6603	11725	NODE_1930_length_12450_cov_7.618717_8	16	+	tRNA-Met(cat)-partial	tRNA-Met(cat)-full	YR_SM-SXT	SR_PF-Resolvase,YR_SM-SXT,xis_IRVE-2	FALSE
NODE_2057_length_8671_cov_18.304550	1399	8255	NODE_2057_length_8671_cov_18.304550_15	16	-	tRNA-Lys(ttt)-partial	None	YR_SM-P2	hel_IRVE-DnaB,hel_IRVE-DnaB,xis_IRVE-1,YR_SM-P2	FALSE
NODE_2063_length_10247_cov_3.162382	5140	10247	NODE_2063_length_10247_cov_3.162382_7	16	+	tRNA-Met(cat)-partial	tRNA-Met(cat)-partial	YR_SM-SXT	SR_PF-Resolvase,YR_SM-SXT,xis_IRVE-2	FALSE
NODE_2618_length_11704_cov_46.691819	0	5101	NODE_2618_length_11704_cov_46.691819_6	16	-	tRNA-Met(cat)-partial	tRNA-Met(cat)-partial	YR_SM-SXT	xis_IRVE-2,YR_SM-SXT,SR_PF-Resolvase	FALSE
NODE_2835_length_8123_cov_9.235374	1181	8123	NODE_2835_length_8123_cov_9.235374_10	16	-	tRNA-Ser(gga)-partial	tRNA-Ser(gga)-partial	YR_SM-P2	xis_IRVE-1,pri_IRVE-Prim-Pol,YR_SM-P2	FALSE
NODE_2857_length_11704_cov_39.618422	0	5101	NODE_2857_length_11704_cov_39.618422_6	16	-	tRNA-Met(cat)-partial	tRNA-Met(cat)-partial	YR_SM-SXT	xis_IRVE-2,YR_SM-SXT,SR_PF-Resolvase	FALSE
NODE_2903_length_6990_cov_14.126172	286	6543	NODE_2903_length_6990_cov_14.126172_2	16	+	tmRNA-partial	tmRNA-partial	YR_SM-P2	YR_SM-P2,hel_IRVE-DnaB,xis_IRVE-1	FALSE
NODE_3123_length_6299_cov_4.069987	40	6295	NODE_3123_length_6299_cov_4.069987_1	16	+	tmRNA-partial	tmRNA-partial	YR_SM-P2	YR_SM-P2,hel_IRVE-DnaB,xis_IRVE-1	FALSE
NODE_3708_length_6455_cov_8.886250	201	6453	NODE_3708_length_6455_cov_8.886250_1	16	+	tmRNA-partial	tmRNA-partial	YR_SM-P2	YR_SM-P2,hel_IRVE-DnaB,xis_IRVE-1	FALSE
NODE_438_length_16052_cov_11.148653	4325	9448	NODE_438_length_16052_cov_11.148653_6	16	-	tRNA-Met(cat)-partial	tRNA-Met(cat)-full	YR_SM-SXT	xis_IRVE-2,YR_SM-SXT,SR_PF-Resolvase	FALSE
NODE_7107_length_10100_cov_15.368143	1059	10089	NODE_7107_length_10100_cov_15.368143_4	16	+	tRNA-Pro(tgg)-partial	tRNA-Pro(tgg)-partial	YR_SM-Tn916	YR_SM-Tn916,xis_IRVE-2,hel_IRVE-VirE	FALSE
NODE_7787_length_9202_cov_29.106264	15	9192	NODE_7787_length_9202_cov_29.106264_13	16	-	tRNA-Pro(tgg)-partial	tRNA-Pro(tgg)-partial	YR_SM-Tn916	hel_IRVE-VirE,xis_IRVE-2,YR_SM-Tn916	FALSE
NODE_926_length_12410_cov_7.949170	683	5806	NODE_926_length_12410_cov_7.949170_6	16	-	tRNA-Met(cat)-partial	tRNA-Met(cat)-full	YR_SM-SXT	xis_IRVE-2,YR_SM-SXT,SR_PF-Resolvase	FALSE
NODE_973_length_12999_cov_3.367429	1273	6396	NODE_973_length_12999_cov_3.367429_6	16	-	tRNA-Met(cat)-partial	tRNA-Met(cat)-full	YR_SM-SXT	xis_IRVE-2,YR_SM-SXT,SR_PF-Resolvase	FALSE
NODE_2460_length_10042_cov_3.245920	0	8538	NODE_2460_length_10042_cov_3.245920_1	15.4	+	tRNA-Ser(tga)-partial	None	YR_SM-P2	YR_SM-P2,hel_IRVE-DnaB,rpr_RM-1,rpr_RM-1,pri_PF-Prim-Pol	FALSE
NODE_3321_length_11690_cov_47.744564	635	6988	NODE_3321_length_11690_cov_47.744564_2	15	+	None	None	YR_SM-Cyan	YR_SM-Cyan,YR_SM-Cyan,SR_PF-Resolvase,SR_PF-Resolvase,xis_IRVE-1,xis_IRVE-1	FALSE
NODE_5800_length_18629_cov_4.756488	1	8188	NODE_5800_length_18629_cov_4.756488_12	15	-	None	None	YR_SM-SXT	pri_PF-Prim-Pol,rpr_RM-1,hel_IRVE-DnaB,xis_IRVE-2,YR_SM-SXT	FALSE
NODE_5353_length_16289_cov_15.455156	2653	14661	NODE_5353_length_16289_cov_15.455156_8	14.2	+	None	None	YR_SM-SXT	YR_SM-SXT,YR_SM-SXT,xis_IRVE-2,xis_IRVE-2,rpr_RM-1,rpr_RM-1,pri_PF-Prim-Pol,pri_PF-Prim-Pol,terS_HM-1,terS_HM-1	FALSE
NODE_1024_length_16044_cov_2.941585	40	16031	NODE_1024_length_16044_cov_2.941585_15	14	-	tRNA-Pro(tgg)-full	None	YR_SM-CTnDOT	xis_IRVE-1,terS_PF-Terminase_5,YR_SM-CTnDOT	FALSE
NODE_1210_length_6448_cov_8.011106	1074	6448	NODE_1210_length_6448_cov_8.011106_3	14	+	tRNA-Arg(tct)-partial	None	YR_SM-P2	YR_SM-P2,hel_IRVE-DnaB,xis_IRVE-1	FALSE
NODE_12377_length_8165_cov_2.615660	310	6755	NODE_12377_length_8165_cov_2.615660_12	14	-	tRNA-Pro(tgg)-partial	None	YR_SM-Tn916	xis_IRVE-2,SR_PF-Resolvase,YR_SM-Tn916	FALSE
NODE_14373_length_8960_cov_4.202583	0	5692	NODE_14373_length_8960_cov_4.202583_9	14	-	tRNA-Val(tac)-partial	None	YR_SM-P2	hel_IRVE-DnaB,xis_IRVE-1,YR_SM-P2	FALSE
NODE_14500_length_8677_cov_11.301670	1340	7785	NODE_14500_length_8677_cov_11.301670_14	14	-	tRNA-Pro(tgg)-partial	None	YR_SM-Tn916	xis_IRVE-2,SR_PF-Resolvase,YR_SM-Tn916	FALSE
NODE_14741_length_5322_cov_2.613062	0	3962	NODE_14741_length_5322_cov_2.613062_6	14	-	tRNA-Met(cat)-partial	None	YR_SM-P2	xis_IRVE-1,YR_SM-P2,SR_PF-Resolvase	FALSE
NODE_1604_length_8578_cov_3.123548	1	7911	NODE_1604_length_8578_cov_3.123548_9	14	-	tRNA-Phe(gaa)-partial	None	YR_SM-SXT	hel_PF-PPV_E1_C,xis_IRVE-1,YR_SM-SXT	FALSE
NODE_1690_length_11323_cov_6.433884	4139	11322	NODE_1690_length_11323_cov_6.433884_24	14	-	tRNA-Met(cat)-partial	None	YR_IRVE-M	lig_IRVE-NAD,xis_IRVE-1,YR_IRVE-M	FALSE
NODE_18516_length_5605_cov_3.553333	0	5283	NODE_18516_length_5605_cov_3.553333_5	14	-	tRNA-Thr(tgt)-partial	None	YR_SM-SXT	pri_PF-Prim-Pol,xis_IRVE-2,YR_SM-SXT	FALSE
NODE_1932_length_8248_cov_3.060295	2343	8248	NODE_1932_length_8248_cov_3.060295_6	14	+	tRNA-Ser(tga)-partial	None	YR_SM-Tn916	YR_SM-Tn916,xis_IRVE-2,hel_IRVE-DnaB	FALSE
NODE_2024_length_9405_cov_14.570909	4393	9405	NODE_2024_length_9405_cov_14.570909_9	14	+	None	None	LSR_IRVE	hel_IRVE-VirE,rep_IRVE-2,rep_IRVE-3,end_IRVE-TraY,LSR_IRVE	FALSE
NODE_2204_length_8701_cov_5.339001	148	6639	NODE_2204_length_8701_cov_5.339001_4	14	-	tRNA-Pro(tgg)-partial	None	YR_IRVE-P	YR_IRVE-3,hel_IRVE-DnaB,YR_IRVE-P	FALSE
NODE_2509_length_5874_cov_2.363293	0	3926	NODE_2509_length_5874_cov_2.363293_5	14	-	tRNA-Phe(gaa)-partial	None	YR_SM-Tn916	hel_IRVE-DnaB,xis_IRVE-2,YR_SM-Tn916	FALSE
NODE_25268_length_5768_cov_8.062139	0	4731	NODE_25268_length_5768_cov_8.062139_5	14	-	tRNA-Val(tac)-partial	None	YR_SM-Tn916	pri_PF-Prim-Pol,xis_IRVE-1,YR_SM-Tn916	FALSE
NODE_2763_length_11040_cov_9.207738	0	5666	NODE_2763_length_11040_cov_9.207738_12	14	-	tRNA-Leu(taa)-partial	None	YR_SM-BPP-1	terS_PF-Terminase_5,rpr_RM-1,YR_SM-BPP-1	FALSE
NODE_2938_length_6413_cov_27.317395	1	6411	NODE_2938_length_6413_cov_27.317395_10	14	-	None	None	YR_IRVE-T1	YR_IRVE-T1,hel_IRVE-VirE,top_IRVE-Topoiso,xis_IRVE-1,YR_IRVE-T1	FALSE
NODE_2997_length_9023_cov_3.968109	0	4743	NODE_2997_length_9023_cov_3.968109_6	14	-	tRNA-Val(gac)-partial	None	YR_SM-Tn916	hel_IRVE-DnaB,xis_IRVE-2,YR_SM-Tn916	FALSE
NODE_3085_length_8072_cov_12.828115	0	6389	NODE_3085_length_8072_cov_12.828115_6	14	-	tRNA-Ser(tga)-partial	None	YR_IRVE-S	YR_IRVE-3,xis_IRVE-1,YR_IRVE-S	FALSE
NODE_3394_length_5947_cov_4.977766	0	4490	NODE_3394_length_5947_cov_4.977766_6	14	-	tRNA-Val(tac)-partial	None	YR_SM-CTnDOT	hel_IRVE-DnaB,xis_IRVE-1,YR_SM-CTnDOT	FALSE
NODE_3680_length_8069_cov_12.579112	1730	8069	NODE_3680_length_8069_cov_12.579112_5	14	+	tRNA-Ser(tga)-partial	None	YR_IRVE-S	YR_IRVE-S,xis_IRVE-1,YR_IRVE-3	FALSE
NODE_3714_length_6447_cov_5.035044	0	5534	NODE_3714_length_6447_cov_5.035044_9	14	-	tRNA-Pro(tgg)-partial	None	YR_SM-Tn916	xis_IRVE-2,SR_PF-Resolvase,YR_SM-Tn916	FALSE
NODE_3773_length_6231_cov_16.198348	0	5995	NODE_3773_length_6231_cov_16.198348_8	14	-	tmRNA-partial	None	YR_SM-P2	xis_IRVE-1,hel_IRVE-DnaB,YR_SM-P2	FALSE
NODE_3884_length_7035_cov_32.704728	1	6177	NODE_3884_length_7035_cov_32.704728_7	14	-	tRNA-Ser(gga)-partial	None	YR_SM-P2	xis_IRVE-1,pri_IRVE-Prim-Pol,YR_SM-P2	FALSE
NODE_3925_length_7684_cov_3.624853	4075	7684	NODE_3925_length_7684_cov_3.624853_5	14	+	tRNA-Lys(ttt)-partial	None	YR_SM-P2	YR_SM-P2,xis_IRVE-1,hel_IRVE-DnaB	FALSE
NODE_4075_length_9435_cov_14.554478	1050	7335	NODE_4075_length_9435_cov_14.554478_10	14	-	tRNA-Gly(gcc)-partial	None	YR_SM-P2	alpA_FS-1,hel_IRVE-DnaB,YR_SM-P2	FALSE
NODE_4090_length_17471_cov_76.519637	0	16801	NODE_4090_length_17471_cov_76.519637_1	14	+	tmRNA-partial	None	YR_SM-SXT	YR_SM-SXT,xis_IRVE-2,hel_IRVE-DnaB	FALSE
NODE_4136_length_6632_cov_7.338604	0	3528	NODE_4136_length_6632_cov_7.338604_4	14	-	tRNA-Pro(tgg)-partial	None	YR_IRVE-P	pri_IRVE-Prim-Pol,xis_IRVE-1,YR_IRVE-P	FALSE
NODE_4246_length_15810_cov_8.481117	2008	9852	NODE_4246_length_15810_cov_8.481117_14	14	-	tRNA-Ser(gct)-partial	None	YR_SM-P2	pri_PF-Prim-Pol,terS_PF-Terminase_5,YR_SM-P2	FALSE
NODE_4625_length_6178_cov_6.503511	0	2283	NODE_4625_length_6178_cov_6.503511_3	14	-	tRNA-Ser(tga)-partial	None	YR_IRVE-8	unk_IRVE-1,terS_IRVE,YR_IRVE-8	FALSE
NODE_5043_length_6500_cov_3.009310	0	5092	NODE_5043_length_6500_cov_3.009310_5	14	-	tRNA-Leu(gag)-full	None	YR_SM-P2	xis_IRVE-1,hel_IRVE-DnaB,YR_SM-P2	FALSE
NODE_5233_length_19164_cov_63.439008	15758	19164	NODE_5233_length_19164_cov_63.439008_19	14	+	tRNA-Pro(tgg)-partial	None	YR_SM-SXT	YR_SM-SXT,xis_IRVE-2,SR_PF-Resolvase	FALSE
NODE_5386_length_5808_cov_21.534678	3525	5808	NODE_5386_length_5808_cov_21.534678_6	14	+	tRNA-Ser(tga)-partial	None	YR_IRVE-8	YR_IRVE-8,terS_IRVE,unk_IRVE-1	FALSE
NODE_5640_length_11445_cov_4.725110	132	8528	NODE_5640_length_11445_cov_4.725110_1	14	+	tRNA-Pro(ggg)-partial	None	YR_SM-P2	YR_SM-P2,hel_IRVE-DnaB,rpr_RM-1	FALSE
NODE_5823_length_6706_cov_11.427755	331	6608	NODE_5823_length_6706_cov_11.427755_1	14	+	tRNA-Ser(gga)-partial	None	YR_SM-P2	YR_SM-P2,pri_IRVE-Prim-Pol,xis_IRVE-1	FALSE
NODE_6209_length_6676_cov_2.590092	1275	6676	NODE_6209_length_6676_cov_2.590092_3	14	+	tRNA-Pro(tgg)-partial	None	YR_SM-Tn916	YR_SM-Tn916,SR_PF-Resolvase,xis_IRVE-2	FALSE
NODE_6766_length_5541_cov_6.003281	0	4440	NODE_6766_length_5541_cov_6.003281_6	14	-	tRNA-Arg(gcg)-full	None	YR_SM-Tn916	SR_PF-Resolvase,hel_IRVE-DnaB,YR_SM-Tn916	FALSE
NODE_6794_length_5737_cov_6.083245	0	4810	NODE_6794_length_5737_cov_6.083245_5	14	-	tRNA-Thr(ggt)-partial	None	YR_IRVE-T1	hel_IRVE-D5,xis_IRVE-1,YR_IRVE-T1	FALSE
NODE_6894_length_6370_cov_5.123990	0	5974	NODE_6894_length_6370_cov_5.123990_9	14	-	tRNA-Gly(tcc)-partial	None	YR_SM-Tn916	hel_IRVE-DnaB,pri_IRVE-Toprim,YR_SM-Tn916	FALSE
NODE_7369_length_5674_cov_5.133298	46	5674	NODE_7369_length_5674_cov_5.133298_1	14	+	tRNA-Thr(ggt)-partial	None	YR_IRVE-T1	YR_IRVE-T1,xis_IRVE-1,hel_IRVE-D5	FALSE
NODE_7601_length_5555_cov_3.187273	0	4804	NODE_7601_length_5555_cov_3.187273_5	14	-	tRNA-Arg(tct)-partial	None	YR_SM-P2	xis_IRVE-1,hel_IRVE-DnaB,YR_SM-P2	FALSE
NODE_7653_length_10001_cov_3.720993	0	9251	NODE_7653_length_10001_cov_3.720993_1	14	+	tRNA-Met(cat)-partial	None	YR_SM-P2	YR_SM-P2,hel_IRVE-DnaB,xis_IRVE-2	FALSE
NODE_919_length_16198_cov_13.979248	3739	13365	NODE_919_length_16198_cov_13.979248_16	14	-	tRNA-Arg(tct)-full	None	YR_SM-P2	pri_PF-DUF3854,hel_IRVE-DnaB,YR_SM-P2	FALSE
NODE_937_length_18369_cov_5.219340	4171	11949	NODE_937_length_18369_cov_5.219340_18	14	-	tRNA-Arg(cct)-partial	None	YR_SM-P2	hel_IRVE-DnaB,rpr_RM-1,YR_SM-P2	FALSE
NODE_1032_length_13077_cov_4.229995	794	6678	NODE_1032_length_13077_cov_4.229995_3	13	+	tRNA-Met(cat)-partial	tRNA-Met(cat)-partial	YR_SM-P2	YR_SM-P2,hel_IRVE-DnaB	FALSE
NODE_1041_length_15035_cov_5.603338	0	8303	NODE_1041_length_15035_cov_5.603338_1	13	+	tRNA-Cys(gca)-partial	tRNA-Met(cat)-partial	YR_SM-SXT	YR_SM-SXT,xis_IRVE-2	FALSE
NODE_1069_length_12205_cov_5.712510	3679	11753	NODE_1069_length_12205_cov_5.712510_19	13	-	tRNA-Met(cat)-partial	None	YR_SM-Tn916	hel_IRVE-DnaB,hel_IRVE-DnaB,YR_SM-Tn916	FALSE
NODE_1072_length_12896_cov_6.212912	1712	8175	NODE_1072_length_12896_cov_6.212912_9	13	-	tRNA-Arg(tct)-partial	tRNA-Arg(tct)-partial	YR_SM-P2	hel_IRVE-DnaB,YR_SM-P2	FALSE
NODE_1114_length_14251_cov_8.944280	5918	13290	NODE_1114_length_14251_cov_8.944280_9	13	+	tRNA-Gly(gcc)-partial	tRNA-Gly(gcc)-partial	YR_SM-P2	YR_SM-P2,xis_IRVE-1	FALSE
NODE_1241_length_17135_cov_5.016101	5795	16776	NODE_1241_length_17135_cov_5.016101_12	13	+	None	None	YR_IRVE-2	xis_IRVE-2,YR_IRVE-2,SSR_IRVE-1,xis_IRVE-2,YR_IRVE-2	FALSE
NODE_1318_length_11485_cov_9.462555	5031	11447	NODE_1318_length_11485_cov_9.462555_16	13	-	tRNA-Thr(tgt)-partial	tRNA-Thr(tgt)-partial	YR_SM-P2	hel_IRVE-DnaB,YR_SM-P2	FALSE
NODE_14367_length_5062_cov_3.353905	0	5062	NODE_14367_length_5062_cov_3.353905_5	13	-	tRNA-Met(cat)-partial	tRNA-Met(cat)-partial	YR_SM-SXT	xis_IRVE-2,YR_SM-SXT	FALSE
NODE_1643_length_13110_cov_4.239065	3095	9991	NODE_1643_length_13110_cov_4.239065_4	13	+	tRNA-Ser(gga)-partial	tRNA-Ser(gga)-partial	YR_SM-P2	YR_SM-P2,xis_IRVE-2	FALSE
NODE_1674_length_11108_cov_6.322808	1809	7403	NODE_1674_length_11108_cov_6.322808_4	13	+	tRNA-Met(cat)-partial	tRNA-Ser(gga)-full	YR_SM-P2	YR_SM-P2,hel_IRVE-DnaB	FALSE
NODE_1690_length_12884_cov_6.047860	1177	7612	NODE_1690_length_12884_cov_6.047860_3	13	+	tRNA-Met(cat)-partial	tRNA-Met(cat)-partial	YR_SM-P2	YR_SM-P2,hel_IRVE-DnaB	FALSE
NODE_17362_length_6710_cov_5.927874	0	6699	NODE_17362_length_6710_cov_5.927874_8	13	-	tRNA-Arg(tct)-partial	tRNA-Arg(tct)-partial	YR_SM-CTnDOT	hel_IRVE-DnaB,YR_SM-CTnDOT	FALSE
NODE_2214_length_9408_cov_5.880573	681	6352	NODE_2214_length_9408_cov_5.880573_2	13	+	tRNA-Ser(gga)-partial	tRNA-Ser(gga)-partial	YR_SM-P2	YR_SM-P2,hel_IRVE-DnaB	FALSE
NODE_2243_length_12744_cov_6.570573	6036	12451	NODE_2243_length_12744_cov_6.570573_10	13	+	tRNA-Thr(tgt)-partial	tRNA-Thr(tgt)-partial	YR_SM-P2	YR_SM-P2,hel_IRVE-DnaB	FALSE
NODE_2331_length_9754_cov_6.343850	3629	9750	NODE_2331_length_9754_cov_6.343850_7	13	+	tRNA-Val(tac)-partial	tRNA-Val(tac)-partial	YR_SM-P2	YR_SM-P2,hel_IRVE-DnaB	FALSE
NODE_2401_length_9557_cov_10.601137	3360	6651	NODE_2401_length_9557_cov_10.601137_10	13	-	tRNA-Met(cat)-partial	tmRNA-partial	YR_SM-P2	hel_IRVE-DnaB,YR_SM-P2	FALSE
NODE_2452_length_9222_cov_7.242064	0	6089	NODE_2452_length_9222_cov_7.242064_1	13	+	tRNA-Gly(gcc)-partial	tRNA-Gly(gcc)-partial	YR_SM-P2	YR_SM-P2,hel_IRVE-DnaB	FALSE
NODE_2498_length_6856_cov_25.062491	425	6854	NODE_2498_length_6856_cov_25.062491_1	13	+	tRNA-Met(cat)-partial	tRNA-Met(cat)-partial	YR_SM-P2	YR_SM-P2,hel_IRVE-DnaB	FALSE
NODE_2525_length_11168_cov_19.876361	4062	9752	NODE_2525_length_11168_cov_19.876361_7	13	+	tRNA-Gly(gcc)-partial	tRNA-Met(cat)-full	YR_SM-P2	YR_SM-P2,hel_IRVE-DnaB	FALSE
NODE_2542_length_10870_cov_9.410726	4405	10689	NODE_2542_length_10870_cov_9.410726_15	13	-	tRNA-Ser(gga)-partial	tRNA-Leu(gag)-partial	YR_SM-P2	pri_PF-Prim-Pol,YR_SM-P2	FALSE
NODE_2566_length_12790_cov_7.885198	3561	9976	NODE_2566_length_12790_cov_7.885198_15	13	-	tRNA-Thr(tgt)-partial	tRNA-Thr(tgt)-partial	YR_SM-P2	hel_IRVE-DnaB,YR_SM-P2	FALSE
NODE_2657_length_10151_cov_4.315471	139	8194	NODE_2657_length_10151_cov_4.315471_14	13	-	tRNA-Met(cat)-partial	None	YR_SM-Tn916	hel_IRVE-DnaB,hel_IRVE-DnaB,YR_SM-Tn916	FALSE
NODE_2657_length_9645_cov_7.014494	16	5724	NODE_2657_length_9645_cov_7.014494_6	13	-	tRNA-Glu(ttc)-partial	tRNA-Glu(ttc)-partial	YR_SM-P2	pri_PF-Prim-Pol,YR_SM-P2	FALSE
NODE_2816_length_6522_cov_4.929952	3	6465	NODE_2816_length_6522_cov_4.929952_1	13	+	tRNA-Arg(tct)-partial	tRNA-Arg(tct)-partial	YR_SM-P2	YR_SM-P2,hel_IRVE-DnaB	FALSE
NODE_2827_length_6381_cov_13.551850	0	6381	NODE_2827_length_6381_cov_13.551850_1	13	+	tRNA-Thr(tgt)-partial	tRNA-Thr(tgt)-partial	YR_SM-P2	YR_SM-P2,hel_IRVE-DnaB	FALSE
NODE_3014_length_8009_cov_8.005155	1117	7030	NODE_3014_length_8009_cov_8.005155_9	13	-	tRNA-Ser(tga)-partial	tRNA-Trp(cca)-partial	YR_SM-Tn916	hel_IRVE-DnaB,YR_SM-Tn916	FALSE
NODE_3116_length_6062_cov_3.992842	6	6062	NODE_3116_length_6062_cov_3.992842_1	13	+	tRNA-Val(tac)-partial	tRNA-Val(tac)-partial	YR_SM-P2	YR_SM-P2,hel_IRVE-DnaB	FALSE
NODE_3337_length_6804_cov_3.372203	681	6804	NODE_3337_length_6804_cov_3.372203_2	13	+	tRNA-Met(cat)-partial	None	YR_IRVE-M	YR_IRVE-M,xis_IRVE-1,xis_IRVE-1	FALSE
NODE_3608_length_9728_cov_5.143182	2892	9728	NODE_3608_length_9728_cov_5.143182_14	13	-	tRNA-Ser(tga)-partial	None	YR_SM-SXT	YR_PF-Phage_int,alpA_FS-1,YR_SM-SXT	FALSE
NODE_3670_length_8312_cov_5.942473	2704	7936	NODE_3670_length_8312_cov_5.942473_12	13	-	tRNA-Met(cat)-partial	tRNA-Met(cat)-partial	YR_SM-P2	hel_IRVE-DnaB,YR_SM-P2	FALSE
NODE_3717_length_5557_cov_25.054162	703	4822	NODE_3717_length_5557_cov_25.054162_2	13	+	tRNA-Glu(ttc)-partial	tmRNA-partial	YR_SM-P2	YR_SM-P2,hel_IRVE-DnaB	FALSE
NODE_3753_length_6246_cov_5.489582	669	6189	NODE_3753_length_6246_cov_5.489582_8	13	-	tRNA-Leu(gag)-partial	tRNA-Leu(gag)-partial	YR_SM-P2	hel_IRVE-DnaB,YR_SM-P2	FALSE
NODE_3786_length_6191_cov_4.909061	210	6179	NODE_3786_length_6191_cov_4.909061_1	13	+	tRNA-Val(gac)-partial	tRNA-Phe(gaa)-partial	YR_SM-Tn916	YR_SM-Tn916,hel_IRVE-DnaB	FALSE
NODE_3808_length_11092_cov_4.436169	2535	8114	NODE_3808_length_11092_cov_4.436169_5	13	+	tmRNA-partial	tmRNA-partial	YR_SM-P2	YR_SM-P2,hel_IRVE-DnaB	FALSE
NODE_3888_length_6258_cov_5.092213	128	6128	NODE_3888_length_6258_cov_5.092213_9	13	-	tRNA-Val(gac)-partial	tRNA-Phe(gaa)-partial	YR_SM-Tn916	hel_IRVE-DnaB,YR_SM-Tn916	FALSE
NODE_4170_length_12358_cov_14.430627	1305	7577	NODE_4170_length_12358_cov_14.430627_8	13	-	tRNA-Thr(tgt)-partial	tRNA-Thr(tgt)-partial	YR_SM-P2	hel_IRVE-DnaB,YR_SM-P2	FALSE
NODE_4387_length_9903_cov_3.538180	5090	9465	NODE_4387_length_9903_cov_3.538180_10	13	+	tRNA-Arg(ccg)-partial	tRNA-Met(cat)-full	YR_SM-Tn916	YR_SM-Tn916,SR_PF-Resolvase	FALSE
NODE_4468_length_6431_cov_28.031838	2	6431	NODE_4468_length_6431_cov_28.031838_7	13	-	tRNA-Met(cat)-partial	tRNA-Met(cat)-partial	YR_SM-P2	hel_IRVE-DnaB,YR_SM-P2	FALSE
NODE_4893_length_10949_cov_6.953552	3364	9502	NODE_4893_length_10949_cov_6.953552_14	13	-	tRNA-Val(tac)-partial	tRNA-Val(tac)-partial	YR_SM-P2	hel_IRVE-DnaB,YR_SM-P2	FALSE
NODE_4903_length_6126_cov_8.315434	0	6126	NODE_4903_length_6126_cov_8.315434_9	13	-	tRNA-Val(tac)-partial	tRNA-Val(tac)-partial	YR_SM-P2	hel_IRVE-DnaB,YR_SM-P2	FALSE
NODE_5176_length_5443_cov_28.286934	0	5443	NODE_5176_length_5443_cov_28.286934_1	13	+	tRNA-Gly(gcc)-partial	tRNA-Gly(gcc)-partial	YR_SM-P2	YR_SM-P2,hel_IRVE-DnaB	FALSE
NODE_5321_length_6427_cov_18.056811	2	6427	NODE_5321_length_6427_cov_18.056811_7	13	-	tRNA-Met(cat)-partial	tRNA-Met(cat)-partial	YR_SM-P2	hel_IRVE-DnaB,YR_SM-P2	FALSE
NODE_5369_length_6431_cov_13.035916	2	6431	NODE_5369_length_6431_cov_13.035916_7	13	-	tRNA-Met(cat)-partial	tRNA-Met(cat)-partial	YR_SM-P2	hel_IRVE-DnaB,YR_SM-P2	FALSE
NODE_5567_length_5923_cov_7.034765	354	5923	NODE_5567_length_5923_cov_7.034765_2	13	+	tmRNA-partial	tmRNA-partial	YR_SM-P2	YR_SM-P2,hel_IRVE-DnaB	FALSE
NODE_5803_length_11246_cov_13.305513	0	6126	NODE_5803_length_11246_cov_13.305513_1	13	+	tRNA-Val(tac)-partial	tRNA-Val(tac)-partial	YR_SM-P2	YR_SM-P2,hel_IRVE-DnaB	FALSE
NODE_5823_length_16212_cov_17.675620	160	16028	NODE_5823_length_16212_cov_17.675620_16	13	-	tRNA-Leu(taa)-partial	tRNA-Leu(taa)-full	YR_SM-SXT	pri_PF-Prim-Pol,YR_SM-SXT	FALSE
NODE_6178_length_5335_cov_9.549053	447	5128	NODE_6178_length_5335_cov_9.549053_6	13	-	tmRNA-partial	tmRNA-partial	YR_SM-P2	pri_PF-Prim-Pol,YR_SM-P2	FALSE
NODE_6210_length_5443_cov_13.217892	0	5443	NODE_6210_length_5443_cov_13.217892_7	13	-	tRNA-Gly(gcc)-partial	tRNA-Gly(gcc)-partial	YR_SM-P2	hel_IRVE-DnaB,YR_SM-P2	FALSE
NODE_6346_length_5443_cov_35.838901	0	5443	NODE_6346_length_5443_cov_35.838901_7	13	-	tRNA-Gly(gcc)-partial	tRNA-Gly(gcc)-partial	YR_SM-P2	hel_IRVE-DnaB,YR_SM-P2	FALSE
NODE_6349_length_5612_cov_4.192550	551	4670	NODE_6349_length_5612_cov_4.192550_2	13	+	tRNA-Glu(ttc)-partial	tmRNA-partial	YR_SM-P2	YR_SM-P2,hel_IRVE-DnaB	FALSE
NODE_6549_length_6431_cov_20.438833	0	6429	NODE_6549_length_6431_cov_20.438833_1	13	+	tRNA-Met(cat)-partial	tRNA-Met(cat)-partial	YR_SM-P2	YR_SM-P2,hel_IRVE-DnaB	FALSE
NODE_6783_length_6063_cov_5.302763	0	6057	NODE_6783_length_6063_cov_5.302763_8	13	-	tRNA-Val(tac)-partial	tRNA-Val(tac)-partial	YR_SM-P2	hel_IRVE-DnaB,YR_SM-P2	FALSE
NODE_6951_length_8985_cov_7.358007	124	8985	NODE_6951_length_8985_cov_7.358007_1	13	+	tRNA-Val(gac)-full	tRNA-Val(gac)-partial	YR_SM-Tn916	YR_SM-Tn916,hel_IRVE-VirE	FALSE
NODE_7927_length_11484_cov_11.248753	1140	11098	NODE_7927_length_11484_cov_11.248753_3	13	+	tRNA-Met(cat)-partial	tRNA-Met(cat)-full	YR_SM-SXT	YR_SM-SXT,hel_IRVE-DnaB	FALSE
NODE_8163_length_11176_cov_10.515241	4986	11176	NODE_8163_length_11176_cov_10.515241_7	13	+	tRNA-Arg(ccg)-partial	tRNA-Arg(ccg)-partial	YR_SM-SXT	YR_SM-SXT,xis_IRVE-2	FALSE
NODE_9469_length_10829_cov_6.121125	0	10829	NODE_9469_length_10829_cov_6.121125_10	13	-	tRNA-Ser(cag)-partial	tRNA-Arg(tct),tRNA-Arg(cct)-partial	YR_SM-SXT	xis_IRVE-2,YR_SM-SXT	FALSE
